feed_rate,grinder_type,duty_cycle,unit_cost,protein_damage,score
139.39346,0.0,1.0,60.383507,0.0,0.016560813
257.28375,1.0,1.0,79.8753,0.12,0.012519515
303.38672,1.0,1.0,79.638885,0.12,0.01255668
320.0014,0.0,1.0,59.175827,0.0,0.016898792
111.41992,0.0,1.0,59.292137,0.0,0.016865643
242.10472,1.0,1.0,77.95179,0.12,0.012828442
244.10077,1.0,1.0,77.93754,0.12,0.012830788
318.73248,1.0,1.0,77.53296,0.12,0.012897741
489.23157,0.0,1.0,57.093494,0.0,0.01751513
238.1895,1.0,1.0,80.00003,0.12,0.0124999955
331.88956,2.0,0.091671675,67.52763,0.0,0.014808752
261.30603,1.0,1.0,77.82378,0.12,0.012849544
133.48746,1.0,1.0,81.31811,0.12,0.012297384
322.9287,2.0,0.43152565,75.452934,0.0,0.013253296
119.30447,2.0,0.46966106,75.72695,0.0,0.013205338
378.32962,1.0,1.0,79.37753,0.12,0.012598023
234.84349,2.0,0.35180226,74.88479,0.0,0.013353847
321.50528,1.0,1.0,79.564545,0.12,0.012568412
103.0941,2.0,0.2893367,74.60259,0.0,0.013404359
273.23932,0.0,1.0,59.33534,0.0,0.016853362
73.637634,2.0,0.08754581,74.04199,0.0,0.013505849
238.41237,2.0,0.41314378,71.73382,0.0,0.013940426
312.95493,0.0,1.0,59.19681,0.0,0.016892802
278.59662,1.0,1.0,79.756294,0.12,0.012538195
292.74152,2.0,0.27158296,72.08451,0.0,0.013872605
111.85282,1.0,1.0,79.980484,0.12,0.01250305
182.33788,0.0,1.0,59.879543,0.0,0.016700193
58.089615,1.0,1.0,85.210106,0.12,0.011735697
255.51283,1.0,1.0,79.88609,0.12,0.012517824
220.54733,2.0,0.09214346,67.386024,0.0,0.014839872
497.50708,1.0,1.0,79.1241,0.12,0.012638374
481.12787,2.0,0.43925446,72.839516,0.0,0.013728812
321.66245,2.0,0.16539465,64.376305,0.0,0.015533666
454.64743,2.0,0.1178164,75.331085,0.0,0.013274732
453.09476,0.0,1.0,58.902027,0.0,0.016977344
377.99854,1.0,1.0,79.37847,0.12,0.012597875
129.43892,2.0,0.3625343,79.62955,0.0,0.012558152
282.2752,2.0,0.051182743,71.26952,0.0,0.0140312435
204.73132,2.0,0.31360397,72.26058,0.0,0.013838803
239.43977,2.0,0.09645656,75.71064,0.0,0.0132081825
76.16373,1.0,1.0,81.74744,0.12,0.0122328
411.59445,0.0,1.0,58.96841,0.0,0.016958231
438.5665,2.0,0.29582846,65.48549,0.0,0.015270558
492.26343,1.0,1.0,79.132675,0.12,0.012637004
61.776115,0.0,1.0,61.58004,0.0,0.016239028
321.20605,0.0,1.0,57.43267,0.0,0.017411692
307.88092,2.0,0.48694873,76.69731,0.0,0.013038266
51.23674,2.0,0.3867985,73.91707,0.0,0.013528675
122.43564,0.0,1.0,60.67988,0.0,0.016479928
130.87506,1.0,1.0,81.37797,0.12,0.0122883385
234.13885,2.0,0.16473983,69.94178,0.0,0.0142976055
69.30545,0.0,1.0,62.54744,0.0,0.015987864
100.03399,0.0,1.0,61.225433,0.0,0.016333083
110.409256,1.0,1.0,81.944885,0.12,0.012203325
186.84346,1.0,1.0,80.46183,0.12,0.012428253
58.99715,1.0,1.0,85.10411,0.12,0.011750313
326.30295,1.0,1.0,77.50226,0.12,0.01290285
374.66678,2.0,0.12821421,75.91094,0.0,0.0131733315
243.78894,1.0,1.0,79.961426,0.12,0.01250603
410.5697,2.0,0.2460021,74.22914,0.0,0.013471798
468.2071,1.0,1.0,79.17445,0.12,0.012630337
64.83829,0.0,1.0,62.843952,0.0,0.01591243
476.64288,1.0,1.0,79.159325,0.12,0.01263275
373.9384,1.0,1.0,77.33759,0.12,0.0129303215
230.45837,2.0,0.25455856,69.66749,0.0,0.014353897
320.33777,1.0,1.0,77.52633,0.12,0.012898844
384.89218,1.0,1.0,77.30549,0.12,0.0129356915
451.70645,2.0,0.32412547,71.70244,0.0,0.013946528
61.358765,1.0,1.0,84.84299,0.12,0.011786478
124.73569,1.0,1.0,81.528496,0.12,0.01226565
152.202,1.0,1.0,80.9494,0.12,0.012353395
82.03917,2.0,0.1431211,67.604836,0.0,0.014791842
407.98697,1.0,1.0,77.243454,0.12,0.01294608
154.70561,0.0,1.0,58.49555,0.0,0.017095318
460.45245,2.0,0.21212804,66.22205,0.0,0.015100709
474.52908,0.0,1.0,57.113583,0.0,0.01750897
213.16122,2.0,0.43917173,71.589775,0.0,0.013968475
303.55048,0.0,1.0,59.226337,0.0,0.01688438
373.8703,2.0,0.16023281,72.911255,0.0,0.0137153035
64.491486,0.0,1.0,62.8687,0.0,0.015906166
178.6251,1.0,1.0,78.5709,0.12,0.012727357
374.6775,1.0,1.0,79.387856,0.12,0.012596386
438.7838,2.0,0.26272503,72.79685,0.0,0.013736858
144.051,2.0,0.42196783,77.52044,0.0,0.0128998235
192.8222,2.0,0.20846513,74.1172,0.0,0.013492144
228.4282,1.0,1.0,80.07184,0.12,0.012488786
339.18692,0.0,1.0,59.1231,0.0,0.016913863
129.37576,2.0,0.12964694,71.16108,0.0,0.014052626
121.86777,0.0,1.0,60.69123,0.0,0.016476845
463.07434,1.0,1.0,77.12047,0.12,0.012966726
485.7717,0.0,1.0,58.85775,0.0,0.016990116
145.97458,0.0,1.0,60.28705,0.0,0.016587311
438.84988,0.0,1.0,57.167927,0.0,0.017492326
144.33154,2.0,0.12310214,75.37037,0.0,0.013267813
265.7505,2.0,0.06584549,70.93899,0.0,0.0140966205
343.07874,0.0,1.0,59.11313,0.0,0.016916715
116.715355,1.0,1.0,81.749,0.12,0.012232565
74.537865,1.0,1.0,81.868225,0.12,0.012214752
106.370575,0.0,1.0,61.04781,0.0,0.016380604
218.17805,2.0,0.29324126,71.221375,0.0,0.014040729
226.2989,0.0,1.0,59.561775,0.0,0.016789291
97.889565,0.0,1.0,61.290745,0.0,0.016315676
228.02205,2.0,0.27474716,74.543076,0.0,0.013415062
230.91907,1.0,1.0,78.03618,0.12,0.012814569
359.65176,0.0,1.0,59.073067,0.0,0.016928189
100.36813,2.0,0.11141309,74.37722,0.0,0.013444977
193.13121,1.0,1.0,78.393555,0.12,0.01275615
317.276,0.0,1.0,59.183834,0.0,0.016896507
496.96393,2.0,0.4385268,71.6784,0.0,0.013951205
362.5942,2.0,0.28602555,62.531403,0.0,0.015991965
134.62198,0.0,1.0,60.45936,0.0,0.016540037
331.0192,2.0,0.28916785,74.39824,0.0,0.013441178
318.85977,2.0,0.28277433,69.33234,0.0,0.014423284
465.10846,2.0,0.35667408,72.15581,0.0,0.013858899
177.51434,2.0,0.34154058,76.214775,0.0,0.013120815
391.00513,0.0,1.0,59.006557,0.0,0.01694727
322.11542,1.0,1.0,79.56217,0.12,0.012568787
127.65062,0.0,1.0,58.93013,0.0,0.016969249
367.8735,2.0,0.41959456,71.140854,0.0,0.01405662
230.61243,1.0,1.0,80.05524,0.12,0.012491375
110.8701,1.0,1.0,81.92981,0.12,0.01220557
272.4192,0.0,1.0,57.609535,0.0,0.017358238
442.48395,2.0,0.35151935,75.04437,0.0,0.013325449
367.14185,1.0,1.0,77.358475,0.12,0.012926833
404.15933,0.0,1.0,57.229973,0.0,0.017473362
169.28851,2.0,0.24536602,72.62248,0.0,0.013769841
345.79193,1.0,1.0,79.477104,0.12,0.01258224
476.89285,1.0,1.0,79.15888,0.12,0.012632821
461.94104,0.0,1.0,58.889423,0.0,0.016980978
480.16028,2.0,0.14302252,70.87713,0.0,0.014108923
407.04294,0.0,1.0,57.22441,0.0,0.01747506
259.36536,1.0,1.0,77.83585,0.12,0.01284755
123.75231,1.0,1.0,81.554,0.12,0.012261814
68.858444,0.0,1.0,62.575386,0.0,0.015980724
365.5991,1.0,1.0,79.41438,0.12,0.012592177
419.9386,2.0,0.23969959,68.50427,0.0,0.01459763
95.67476,2.0,0.13212779,70.44101,0.0,0.014196276
443.5502,1.0,1.0,77.16057,0.12,0.012959987
181.69534,0.0,1.0,58.190968,0.0,0.017184798
195.5361,1.0,1.0,80.366585,0.12,0.012442982
70.6145,0.0,1.0,62.467667,0.0,0.016008282
386.86316,1.0,1.0,77.29991,0.12,0.012936626
370.66156,1.0,1.0,79.39944,0.12,0.012594548
332.47046,1.0,1.0,79.52347,0.12,0.012574904
125.98861,2.0,0.24263805,73.025154,0.0,0.013693911
483.74518,2.0,0.10707612,66.21946,0.0,0.015101301
219.48424,1.0,1.0,78.13133,0.12,0.012798962
402.29324,0.0,1.0,58.98516,0.0,0.016953416
440.69205,2.0,0.09521815,70.88488,0.0,0.014107381
168.61307,1.0,1.0,80.69345,0.12,0.01239258
219.67311,2.0,0.12528886,67.661934,0.0,0.01477936
274.89948,2.0,0.35291666,72.35167,0.0,0.01382138
195.77922,0.0,1.0,58.06537,0.0,0.017221969
462.30563,0.0,1.0,58.88892,0.0,0.016981123
81.99134,0.0,1.0,60.314007,0.0,0.016579896
343.0168,0.0,1.0,57.36988,0.0,0.017430749
315.35416,2.0,0.32581654,71.15852,0.0,0.01405313
318.32504,1.0,1.0,77.53464,0.12,0.012897462
217.94012,2.0,0.22968413,65.40402,0.0,0.015289579
448.66132,0.0,1.0,58.908535,0.0,0.016975468
282.761,2.0,0.3558392,72.19526,0.0,0.013851324
216.75618,2.0,0.13075984,71.21064,0.0,0.014042845
263.65454,1.0,1.0,79.83771,0.12,0.012525409
189.7449,0.0,1.0,58.1169,0.0,0.017206699
482.41293,2.0,0.32520524,82.04409,0.0,0.012188568
79.1842,2.0,0.22795095,73.83708,0.0,0.013543331
144.6606,0.0,1.0,58.63793,0.0,0.017053807
282.39642,0.0,1.0,59.299953,0.0,0.016863419
129.51695,2.0,0.39976805,70.19516,0.0,0.014245995
211.87552,0.0,1.0,59.651497,0.0,0.01676404
55.908867,1.0,1.0,85.47888,0.12,0.011698796
194.08592,0.0,1.0,59.78053,0.0,0.016727854
82.862045,1.0,1.0,81.29979,0.12,0.012300155
230.80441,2.0,0.071371816,77.108696,0.0,0.012968706
482.32437,2.0,0.38348016,73.99963,0.0,0.013513581
230.82185,0.0,1.0,59.535946,0.0,0.016796574
425.0604,2.0,0.19301485,67.64839,0.0,0.014782317
187.3743,2.0,0.40001056,73.25338,0.0,0.013651247
72.82068,1.0,1.0,82.00167,0.12,0.012194874
89.781044,1.0,1.0,82.77785,0.12,0.012080527
362.09525,1.0,1.0,77.37447,0.12,0.012924159
111.80786,2.0,0.12556694,79.01421,0.0,0.012655951
340.3284,0.0,1.0,57.37718,0.0,0.017428532
181.78084,2.0,0.27272734,75.95603,0.0,0.013165511
170.14844,1.0,1.0,78.68854,0.12,0.0127083305
297.05573,2.0,0.20263207,66.58446,0.0,0.01501852
345.1646,0.0,1.0,59.107872,0.0,0.01691822
66.13467,0.0,1.0,62.753788,0.0,0.015935292
235.55647,2.0,0.122115046,74.26875,0.0,0.013464613
374.49316,1.0,1.0,79.38839,0.12,0.012596301
433.00073,0.0,1.0,58.932587,0.0,0.01696854
264.82336,2.0,0.085155234,68.50897,0.0,0.014596629
355.14386,2.0,0.261976,67.88651,0.0,0.014730466
278.93512,1.0,1.0,79.75455,0.12,0.01253847
236.85396,2.0,0.46639246,68.391365,0.0,0.014621729
69.17709,1.0,1.0,82.30673,0.12,0.012149674
273.66058,1.0,1.0,77.7509,0.12,0.012861587
226.59644,0.0,1.0,59.56004,0.0,0.01678978
264.02905,0.0,1.0,57.646534,0.0,0.017347096
252.48985,1.0,1.0,77.88013,0.12,0.012840246
409.30588,2.0,0.23959541,70.49562,0.0,0.014185279
110.162674,0.0,1.0,60.95128,0.0,0.016406547
224.67503,0.0,1.0,57.856983,0.0,0.017283998
440.52344,2.0,0.2538123,67.35284,0.0,0.014847185
404.16092,2.0,0.42997652,74.78936,0.0,0.013370886
78.022,0.0,1.0,60.510826,0.0,0.016525969
225.41893,2.0,0.062996924,68.88522,0.0,0.014516901
202.5319,0.0,1.0,59.71644,0.0,0.016745808
76.65231,0.0,1.0,60.58348,0.0,0.016506149
367.06244,2.0,0.23124036,69.89288,0.0,0.014307609
396.73727,0.0,1.0,58.995544,0.0,0.016950432
328.386,2.0,0.18638253,74.55201,0.0,0.013413454
117.61829,2.0,0.24046193,71.7602,0.0,0.013935301
468.66153,2.0,0.33050656,71.21536,0.0,0.014041914
309.60504,2.0,0.30388984,70.04251,0.0,0.014277044
492.28363,0.0,1.0,58.849625,0.0,0.016992463
334.97662,0.0,1.0,59.13416,0.0,0.0169107
115.39886,0.0,1.0,60.82843,0.0,0.016439682
267.9394,0.0,1.0,59.35694,0.0,0.016847229
413.8639,1.0,1.0,77.22877,0.12,0.012948542
155.69397,0.0,1.0,60.159477,0.0,0.016622486
426.02408,0.0,1.0,57.18969,0.0,0.017485669
326.74777,2.0,0.26013526,70.42674,0.0,0.014199152
198.39334,0.0,1.0,58.044018,0.0,0.017228305
172.46817,2.0,0.2938172,67.68017,0.0,0.014775377
57.002323,0.0,1.0,63.476337,0.0,0.015753902
374.33466,0.0,1.0,59.040535,0.0,0.016937515
117.665344,1.0,1.0,79.794205,0.12,0.012532238
381.48865,2.0,0.1554673,73.00948,0.0,0.01369685
145.38606,2.0,0.26923943,72.822556,0.0,0.013732009
420.40332,2.0,0.3231725,68.81823,0.0,0.014531033
131.84152,0.0,1.0,60.50608,0.0,0.016527265
179.65048,0.0,1.0,58.210835,0.0,0.017178932
420.68503,2.0,0.15780075,66.95313,0.0,0.014935822
194.14946,1.0,1.0,80.38121,0.12,0.012440719
491.941,1.0,1.0,77.067024,0.12,0.012975718
277.66812,1.0,1.0,79.76109,0.12,0.012537441
304.6586,1.0,1.0,77.59409,0.12,0.012887579
212.99852,0.0,1.0,57.934383,0.0,0.017260907
152.3844,0.0,1.0,60.201084,0.0,0.016610997
295.9906,1.0,1.0,77.63463,0.12,0.012880851
54.687325,0.0,1.0,62.24565,0.0,0.01606538
412.88623,0.0,1.0,58.966137,0.0,0.016958887
172.56845,0.0,1.0,58.283302,0.0,0.017157573
215.77686,1.0,1.0,80.174576,0.12,0.012472782
68.54092,2.0,0.4153651,83.75668,0.0,0.011939345
301.90912,2.0,0.45798752,69.54355,0.0,0.01437948
146.14044,1.0,1.0,81.05849,0.12,0.012336771
322.02774,0.0,1.0,59.16996,0.0,0.016900467
149.8894,2.0,0.16363077,79.924484,0.0,0.01251181
171.22824,2.0,0.3111024,70.603714,0.0,0.01416356
114.836655,0.0,1.0,59.207428,0.0,0.016889773
277.89594,0.0,1.0,59.31705,0.0,0.01685856
231.60272,1.0,1.0,80.04781,0.12,0.012492533
62.211143,2.0,0.42495835,77.638885,0.0,0.012880143
195.00221,0.0,1.0,58.071827,0.0,0.017220054
117.07161,0.0,1.0,59.154686,0.0,0.016904831
316.62128,2.0,0.36560935,73.30262,0.0,0.013642077
105.71849,1.0,1.0,80.19929,0.12,0.012468939
69.39784,1.0,1.0,82.28734,0.12,0.012152539
481.02835,0.0,1.0,58.8638,0.0,0.016988369
215.52617,0.0,1.0,59.627655,0.0,0.016770741
432.21283,0.0,1.0,58.933834,0.0,0.016968181
418.66113,2.0,0.25991607,66.51184,0.0,0.015034918
299.38574,1.0,1.0,77.61846,0.12,0.012883532
99.096596,2.0,0.09494071,70.26928,0.0,0.01423097
207.26218,2.0,0.49861735,68.003,0.0,0.014705234
146.42004,2.0,0.44561943,69.31215,0.0,0.014427485
146.37897,1.0,1.0,81.05403,0.12,0.01233745
352.63934,0.0,1.0,59.08955,0.0,0.016923467
498.95004,2.0,0.2785321,76.176994,0.0,0.013127322
277.4198,2.0,0.3863965,74.39883,0.0,0.013441072
123.02098,0.0,1.0,60.66828,0.0,0.016483078
147.05673,0.0,1.0,58.602203,0.0,0.017064204
81.3887,2.0,0.07345074,81.04175,0.0,0.012339319
102.02493,1.0,1.0,80.34372,0.12,0.012446524
229.6232,0.0,1.0,57.82656,0.0,0.017293092
483.41507,2.0,0.109542705,67.20918,0.0,0.01487892
308.3671,2.0,0.3968514,76.38325,0.0,0.013091876
381.92477,0.0,1.0,59.024704,0.0,0.01694206
76.28031,2.0,0.113155335,76.52799,0.0,0.013067114
207.89946,1.0,1.0,78.23842,0.12,0.012781445
105.24521,1.0,1.0,80.21723,0.12,0.012466149
231.36728,1.0,1.0,78.03264,0.12,0.01281515
418.20306,2.0,0.25533748,71.26764,0.0,0.014031614
297.16467,2.0,0.21314894,71.129105,0.0,0.014058943
341.94308,1.0,1.0,79.49012,0.12,0.01258018
340.63666,1.0,1.0,77.44787,0.12,0.012911911
363.17346,0.0,1.0,59.06502,0.0,0.016930494
412.0172,2.0,0.13506405,66.88012,0.0,0.014952126
391.09186,0.0,1.0,59.006397,0.0,0.016947314
290.2398,1.0,1.0,77.662865,0.12,0.012876167
344.23828,0.0,1.0,59.110203,0.0,0.016917553
68.80344,0.0,1.0,61.055565,0.0,0.016378524
76.23245,0.0,1.0,62.156376,0.0,0.016088454
232.35384,0.0,1.0,59.527424,0.0,0.01679898
370.99188,0.0,1.0,59.047707,0.0,0.016935458
440.367,0.0,1.0,57.165443,0.0,0.017493086
69.131355,2.0,0.231383,71.58816,0.0,0.013968791
227.79008,1.0,1.0,78.061264,0.12,0.012810451
377.77948,2.0,0.21604231,69.47744,0.0,0.014393161
199.27069,0.0,1.0,59.74054,0.0,0.016739052
61.462162,0.0,1.0,63.09665,0.0,0.015848702
420.851,0.0,1.0,57.19885,0.0,0.01748287
211.95815,0.0,1.0,59.65095,0.0,0.016764192
432.0563,2.0,0.25514275,71.86593,0.0,0.0139148
209.15651,1.0,1.0,80.23329,0.12,0.012463654
110.29648,2.0,0.4071406,71.006325,0.0,0.014083252
156.52664,0.0,1.0,60.149296,0.0,0.016625298
243.09512,2.0,0.29579556,70.68508,0.0,0.014147257
71.65951,2.0,0.16811922,79.731514,0.0,0.012542092
144.75087,1.0,1.0,81.08478,0.12,0.012332772
473.4478,0.0,1.0,58.873737,0.0,0.016985502
431.07065,0.0,1.0,57.180973,0.0,0.017488334
421.33694,1.0,1.0,79.26955,0.12,0.012615185
144.13348,2.0,0.4879037,72.86609,0.0,0.013723805
374.17386,2.0,0.063895516,69.548454,0.0,0.014378464
317.337,0.0,1.0,57.444717,0.0,0.017408041
111.069824,2.0,0.41197202,73.95267,0.0,0.013522163
170.73112,1.0,1.0,80.663994,0.12,0.012397105
173.25543,1.0,1.0,78.64407,0.12,0.012715516
295.0995,1.0,1.0,79.67594,0.12,0.01255084
212.27122,2.0,0.4044594,71.08365,0.0,0.014067932
203.5749,1.0,1.0,78.28152,0.12,0.012774408
293.44952,0.0,1.0,59.260166,0.0,0.016874742
146.1355,2.0,0.05449098,81.16722,0.0,0.012320244
57.035027,2.0,0.12827991,75.620514,0.0,0.013223926
66.44276,2.0,0.23982406,75.71779,0.0,0.0132069355
407.9813,1.0,1.0,77.24347,0.12,0.012946079
100.95343,0.0,1.0,59.5873,0.0,0.0167821
281.77576,2.0,0.3627319,66.2982,0.0,0.015083365
407.94073,0.0,1.0,58.9749,0.0,0.016956367
119.19459,2.0,0.4162125,64.7996,0.0,0.015432194
71.156586,1.0,1.0,83.944756,0.12,0.011912596
55.13287,1.0,1.0,83.85987,0.12,0.011924655
189.23178,1.0,1.0,80.43479,0.12,0.012432431
412.81738,2.0,0.42716604,72.382034,0.0,0.013815583
402.27274,2.0,0.4647616,72.85525,0.0,0.013725847
363.3706,1.0,1.0,77.37039,0.12,0.012924841
156.39761,2.0,0.32799846,73.9237,0.0,0.013527461
424.25986,2.0,0.055741757,70.998344,0.0,0.014084836
220.56255,0.0,1.0,57.883316,0.0,0.017276136
206.95316,2.0,0.2426879,70.13753,0.0,0.014257703
300.70233,1.0,1.0,79.65067,0.12,0.012554822
127.6665,2.0,0.23785286,75.982544,0.0,0.013160918
252.47101,2.0,0.32873827,70.37235,0.0,0.014210126
460.33237,1.0,1.0,79.18907,0.12,0.012628005
137.45438,1.0,1.0,81.231575,0.12,0.0123104835
61.524673,2.0,0.10497995,74.240166,0.0,0.013469798
493.0649,0.0,1.0,58.84867,0.0,0.016992738
55.121136,2.0,0.30802357,73.741646,0.0,0.013560859
51.091076,1.0,1.0,84.46507,0.12,0.011839213
74.36217,0.0,1.0,60.71093,0.0,0.0164715
391.26492,2.0,0.3027139,75.63961,0.0,0.013220587
64.17892,0.0,1.0,61.387794,0.0,0.016289882
116.76359,1.0,1.0,79.8219,0.12,0.01252789
219.61899,2.0,0.106294826,69.06648,0.0,0.014478803
329.0856,2.0,0.236015,69.05501,0.0,0.014481209
358.09973,2.0,0.48316327,69.23616,0.0,0.01444332
189.7848,1.0,1.0,80.42863,0.12,0.012433384
306.05374,1.0,1.0,79.627396,0.12,0.012558492
108.205215,2.0,0.4554989,71.03043,0.0,0.014078472
370.39975,1.0,1.0,77.34836,0.12,0.012928522
295.48105,1.0,1.0,79.67419,0.12,0.012551116
484.40695,1.0,1.0,79.14587,0.12,0.012634899
160.35555,0.0,1.0,60.103786,0.0,0.016637886
433.19553,2.0,0.11629325,75.01251,0.0,0.01333111
117.84079,0.0,1.0,60.774868,0.0,0.01645417
409.28708,0.0,1.0,57.22014,0.0,0.017476365
283.44998,0.0,1.0,57.564217,0.0,0.017371904
299.36456,0.0,1.0,57.504726,0.0,0.017389875
97.60791,2.0,0.1325806,77.65195,0.0,0.012877977
210.41235,0.0,1.0,57.952686,0.0,0.017255455
255.03735,2.0,0.30601883,71.85517,0.0,0.013916883
100.32089,1.0,1.0,80.41395,0.12,0.012435653
294.27838,2.0,0.41584185,71.62587,0.0,0.013961436
331.27728,2.0,0.33010414,74.79811,0.0,0.013369322
78.197075,1.0,1.0,81.60344,0.12,0.012254385
196.92284,0.0,1.0,59.758392,0.0,0.01673405
134.53351,0.0,1.0,58.802994,0.0,0.017005937
337.48672,1.0,1.0,79.505585,0.12,0.012577733
225.41011,2.0,0.23585509,69.86264,0.0,0.014313802
133.12643,2.0,0.23115128,73.556656,0.0,0.013594963
286.96796,2.0,0.47595996,66.38098,0.0,0.015064555
464.7053,2.0,0.06559104,77.05426,0.0,0.012977868
131.9044,0.0,1.0,60.50499,0.0,0.016527561
358.32562,2.0,0.08225079,68.3876,0.0,0.014622533
271.35468,0.0,1.0,57.614105,0.0,0.017356861
337.79428,0.0,1.0,57.38417,0.0,0.017426409
162.03616,0.0,1.0,58.40278,0.0,0.017122472
197.01071,0.0,1.0,58.05524,0.0,0.017224975
228.90625,0.0,1.0,57.83089,0.0,0.017291797
294.8944,0.0,1.0,57.520786,0.0,0.017385019
220.99174,1.0,1.0,80.13079,0.12,0.012479597
85.99631,0.0,1.0,60.133823,0.0,0.016629577
314.56918,0.0,1.0,57.453503,0.0,0.01740538
163.48523,0.0,1.0,58.385433,0.0,0.01712756
64.93914,2.0,0.06225217,72.41936,0.0,0.013808463
469.72498,1.0,1.0,79.17169,0.12,0.0126307765
475.95642,0.0,1.0,58.87041,0.0,0.016986461
180.0382,0.0,1.0,59.900444,0.0,0.016694367
154.47705,2.0,0.45571956,72.14632,0.0,0.013860721
385.40317,0.0,1.0,59.01765,0.0,0.016944084
236.86618,2.0,0.33001128,71.69734,0.0,0.013947518
167.92645,1.0,1.0,80.703156,0.12,0.0123910885
476.1209,1.0,1.0,79.16024,0.12,0.012632605
445.46494,1.0,1.0,79.2181,0.12,0.012623378
412.1913,1.0,1.0,77.23291,0.12,0.012947848
398.46082,2.0,0.4508803,75.06322,0.0,0.013322104
196.55417,1.0,1.0,80.35599,0.12,0.012444624
479.31482,1.0,1.0,79.15464,0.12,0.012633499
209.25526,0.0,1.0,57.961025,0.0,0.017252972
353.11356,1.0,1.0,77.404106,0.12,0.012919211
355.47153,2.0,0.27290428,65.45386,0.0,0.015277939
449.108,1.0,1.0,77.148796,0.12,0.012961965
363.10214,0.0,1.0,57.31872,0.0,0.017446307
148.9885,1.0,1.0,81.00614,0.12,0.012344743
483.1204,0.0,1.0,58.86112,0.0,0.016989144
190.96536,2.0,0.20332058,68.538376,0.0,0.014590367
107.8463,1.0,1.0,82.03104,0.12,0.012190509
399.25223,1.0,1.0,79.322105,0.12,0.012606826
417.02298,0.0,1.0,57.20576,0.0,0.017480757
141.4213,2.0,0.14970341,71.831436,0.0,0.013921482
287.6548,2.0,0.24369688,67.83739,0.0,0.014741134
154.64526,0.0,1.0,58.49634,0.0,0.017095085
88.952484,0.0,1.0,60.011227,0.0,0.01666355
414.13144,1.0,1.0,77.22811,0.12,0.012948652
382.41837,2.0,0.31536946,67.58694,0.0,0.014795759
145.54909,2.0,0.14244188,73.216385,0.0,0.013658145
231.20328,1.0,1.0,78.03393,0.12,0.012814938
293.17468,1.0,1.0,77.648315,0.12,0.012878579
102.721344,1.0,1.0,80.31569,0.12,0.012450867
375.5725,0.0,1.0,59.03791,0.0,0.01693827
349.64844,1.0,1.0,77.41595,0.12,0.0129172355
318.42026,1.0,1.0,77.53424,0.12,0.012897528
115.91217,0.0,1.0,59.181793,0.0,0.016897088
272.49902,2.0,0.14277805,79.72971,0.0,0.012542375
118.960724,0.0,1.0,59.11166,0.0,0.016917136
98.83987,0.0,1.0,59.654495,0.0,0.016763195
296.218,1.0,1.0,77.63353,0.12,0.012881032
372.7412,2.0,0.36318874,66.38956,0.0,0.01506261
349.07324,1.0,1.0,77.41793,0.12,0.012916904
436.11014,1.0,1.0,79.23737,0.12,0.0126203075
318.9352,1.0,1.0,77.53211,0.12,0.012897882
211.99365,1.0,1.0,80.207664,0.12,0.012467636
66.689575,0.0,1.0,61.201714,0.0,0.016339412
400.83688,0.0,1.0,58.987858,0.0,0.016952641
112.20999,1.0,1.0,79.96848,0.12,0.012504927
343.59772,1.0,1.0,77.437195,0.12,0.012913691
68.871994,1.0,1.0,82.333755,0.12,0.012145687
287.09808,1.0,1.0,77.678764,0.12,0.012873531
477.3135,1.0,1.0,77.0933,0.12,0.012971296
118.43515,0.0,1.0,60.762165,0.0,0.01645761
228.37462,1.0,1.0,78.056526,0.12,0.012811228
456.90164,0.0,1.0,58.89655,0.0,0.016978923
381.5393,2.0,0.056845598,69.2518,0.0,0.014440058
278.87207,1.0,1.0,79.754875,0.12,0.012538419
75.53034,1.0,1.0,83.61901,0.12,0.011959002
410.9794,2.0,0.1879312,68.03808,0.0,0.014697651
249.87956,0.0,1.0,57.71457,0.0,0.017326647
432.29086,0.0,1.0,58.933712,0.0,0.016968217
182.82275,1.0,1.0,78.516685,0.12,0.012736146
73.231865,2.0,0.26456055,70.43695,0.0,0.014197094
256.61517,1.0,1.0,77.85328,0.12,0.012844673
108.69896,0.0,1.0,59.3634,0.0,0.016845396
282.90753,0.0,1.0,59.29804,0.0,0.016863964
67.037895,1.0,1.0,82.50129,0.12,0.012121023
464.65512,1.0,1.0,79.18098,0.12,0.012629296
162.05551,0.0,1.0,58.40254,0.0,0.017122542
273.75894,2.0,0.059886854,66.27525,0.0,0.015088589
346.09082,1.0,1.0,79.4761,0.12,0.012582399
444.6966,1.0,1.0,79.21964,0.12,0.012623132
161.49023,1.0,1.0,80.79816,0.12,0.01237652
313.8154,0.0,1.0,57.45593,0.0,0.017404644
145.97424,0.0,1.0,60.287052,0.0,0.01658731
181.95479,0.0,1.0,59.88299,0.0,0.016699232
438.2377,0.0,1.0,57.168945,0.0,0.017492015
268.1353,2.0,0.46424958,80.52147,0.0,0.012419048
393.93814,1.0,1.0,79.335625,0.12,0.012604678
406.4073,2.0,0.16724136,71.0512,0.0,0.014074358
51.90072,2.0,0.35765892,75.51442,0.0,0.013242505
67.58711,1.0,1.0,82.45017,0.12,0.0121285375
433.7162,2.0,0.13626218,82.57205,0.0,0.012110636
168.81519,2.0,0.49705833,69.9745,0.0,0.01429092
51.961826,1.0,1.0,86.022705,0.12,0.011624838
116.30427,1.0,1.0,79.83616,0.12,0.012525653
261.7178,0.0,1.0,57.657154,0.0,0.017343901
411.54446,1.0,1.0,77.23452,0.12,0.012947579
79.62306,0.0,1.0,61.989777,0.0,0.016131693
151.10703,0.0,1.0,58.54438,0.0,0.01708106
164.08769,2.0,0.21524814,73.823105,0.0,0.013545895
234.67026,1.0,1.0,78.00698,0.12,0.012819366
428.0477,0.0,1.0,58.940548,0.0,0.016966248
497.51562,2.0,0.47461465,71.26622,0.0,0.014031894
359.9618,1.0,1.0,79.43153,0.12,0.012589458
216.6906,0.0,1.0,57.909004,0.0,0.017268471
114.327415,0.0,1.0,60.85265,0.0,0.016433138
490.368,2.0,0.4729554,73.1497,0.0,0.013670597
495.73993,2.0,0.16898847,68.91065,0.0,0.014511544
262.28882,2.0,0.29353952,74.19846,0.0,0.013477368
379.985,2.0,0.18042834,66.36078,0.0,0.015069141
442.65128,0.0,1.0,57.161724,0.0,0.017494224
493.9688,2.0,0.11037609,73.65018,0.0,0.0135777
495.74554,0.0,1.0,57.08497,0.0,0.017517745
371.04144,1.0,1.0,77.3464,0.12,0.012928851
310.38782,0.0,1.0,59.2047,0.0,0.01689055
286.68884,0.0,1.0,59.284138,0.0,0.016867919
398.66464,1.0,1.0,79.32357,0.12,0.012606593
359.32596,1.0,1.0,79.4335,0.12,0.012589146
229.94989,1.0,1.0,78.04388,0.12,0.012813305
467.33588,1.0,1.0,77.11217,0.12,0.012968122
358.2656,0.0,1.0,59.07627,0.0,0.01692727
338.14197,2.0,0.06123373,76.79387,0.0,0.013021872
406.8465,1.0,1.0,77.24636,0.12,0.012945594
311.91583,0.0,1.0,57.46209,0.0,0.01740278
311.95956,2.0,0.28640094,73.93401,0.0,0.0135255745
226.39305,1.0,1.0,80.087585,0.12,0.012486329
402.83954,2.0,0.11333737,71.56382,0.0,0.013973542
259.46008,0.0,1.0,57.6677,0.0,0.017340729
101.21774,2.0,0.16007018,68.905945,0.0,0.014512536
445.3159,2.0,0.39534992,70.8396,0.0,0.014116398
188.00653,2.0,0.3745792,72.04655,0.0,0.013879916
114.051605,1.0,1.0,81.82911,0.12,0.01222059
429.8191,0.0,1.0,58.93768,0.0,0.016967075
177.51494,0.0,1.0,59.923996,0.0,0.016687807
457.06165,2.0,0.30374822,68.42636,0.0,0.014614251
266.15128,0.0,1.0,57.63696,0.0,0.017349979
221.52618,1.0,1.0,78.11361,0.12,0.012801866
161.15851,2.0,0.36293712,74.89879,0.0,0.01335135
461.88022,0.0,1.0,58.889507,0.0,0.016980954
486.43286,0.0,1.0,57.09722,0.0,0.017513987
318.70245,0.0,1.0,57.440434,0.0,0.01740934
431.909,2.0,0.18107182,69.872604,0.0,0.014311761
481.5856,2.0,0.14656474,70.170364,0.0,0.01425103
484.033,2.0,0.30012506,70.979034,0.0,0.014088667
462.6199,0.0,1.0,57.130787,0.0,0.017503697
232.91682,1.0,1.0,80.03807,0.12,0.012494054
445.22018,0.0,1.0,57.157585,0.0,0.01749549
168.15149,0.0,1.0,58.33159,0.0,0.01714337
52.51588,0.0,1.0,63.92337,0.0,0.01564373
427.13528,2.0,0.26625538,76.0955,0.0,0.0131413825
396.12003,2.0,0.4166298,76.64827,0.0,0.013046608
231.62766,2.0,0.33689606,67.10663,0.0,0.014901657
110.68484,2.0,0.31067792,74.042534,0.0,0.013505751
226.14438,0.0,1.0,59.562668,0.0,0.01678904
171.19391,2.0,0.24460839,64.6697,0.0,0.015463191
102.69824,0.0,1.0,59.533913,0.0,0.016797148
304.2426,0.0,1.0,59.224106,0.0,0.016885016
349.31726,0.0,1.0,57.3532,0.0,0.017435819
257.96048,1.0,1.0,77.8447,0.12,0.01284609
309.61902,1.0,1.0,79.612335,0.12,0.012560868
263.4734,1.0,1.0,79.83876,0.12,0.012525245
60.602913,0.0,1.0,63.16545,0.0,0.015831439
226.12561,1.0,1.0,80.08967,0.12,0.012486005
80.89871,1.0,1.0,83.26734,0.12,0.01200951
441.09277,2.0,0.4108006,78.008286,0.0,0.01281915
202.84795,1.0,1.0,78.28893,0.12,0.012773198
252.42601,2.0,0.09995702,69.33224,0.0,0.014423305
496.80847,2.0,0.056572728,72.82796,0.0,0.013730992
386.482,1.0,1.0,77.30099,0.12,0.012936446
98.54373,1.0,1.0,80.48977,0.12,0.012423939
159.06921,0.0,1.0,58.439304,0.0,0.01711177
407.14505,1.0,1.0,79.302666,0.12,0.012609916
143.71849,1.0,1.0,79.14441,0.12,0.012635131
360.0052,1.0,1.0,79.43139,0.12,0.012589481
410.69473,0.0,1.0,57.217487,0.0,0.017477175
73.114746,1.0,1.0,81.97837,0.12,0.01219834
169.14514,0.0,1.0,60.007133,0.0,0.016664686
210.64796,2.0,0.31534708,75.50822,0.0,0.013243591
463.33237,1.0,1.0,79.18344,0.12,0.012628903
496.9259,0.0,1.0,57.08345,0.0,0.017518213
152.64413,2.0,0.33048448,76.28387,0.0,0.0131089315
423.44537,1.0,1.0,79.26482,0.12,0.012615938
62.34288,2.0,0.15997486,74.851364,0.0,0.01335981
238.6108,1.0,1.0,77.977295,0.12,0.012824246
370.5009,0.0,1.0,59.048786,0.0,0.01693515
408.08405,0.0,1.0,57.22242,0.0,0.017475668
274.8709,0.0,1.0,57.599148,0.0,0.017361367
256.1317,0.0,1.0,57.683582,0.0,0.017335955
78.778244,0.0,1.0,62.029934,0.0,0.01612125
149.87476,2.0,0.08577654,71.01199,0.0,0.014082129
480.1117,2.0,0.08968337,72.65134,0.0,0.013764372
220.44893,1.0,1.0,78.12293,0.12,0.012800339
422.77863,0.0,1.0,57.195408,0.0,0.017483922
247.41673,2.0,0.13701664,77.30776,0.0,0.0129353115
97.74003,1.0,1.0,82.41481,0.12,0.012133742
381.42978,0.0,1.0,57.276745,0.0,0.017459093
416.10413,0.0,1.0,58.96055,0.0,0.016960492
100.81706,1.0,1.0,80.39326,0.12,0.012438854
259.86783,2.0,0.4133214,75.915245,0.0,0.013172585
303.7204,0.0,1.0,59.225792,0.0,0.016884536
338.77908,1.0,1.0,79.50105,0.12,0.012578449
233.06409,0.0,1.0,59.52351,0.0,0.016800085
201.50983,0.0,1.0,59.723915,0.0,0.01674371
128.9729,2.0,0.14423521,75.98755,0.0,0.013160051
134.55383,1.0,1.0,79.34431,0.12,0.012603299
126.9509,1.0,1.0,79.53203,0.12,0.01257355
265.1092,0.0,1.0,59.36882,0.0,0.01684386
71.61575,1.0,1.0,82.09911,0.12,0.012180399
192.10808,1.0,1.0,78.405174,0.12,0.01275426
278.5758,1.0,1.0,77.72371,0.12,0.012866087
310.3811,0.0,1.0,59.20472,0.0,0.016890546
76.19975,2.0,0.16308454,71.25034,0.0,0.01403502
82.50526,1.0,1.0,83.171,0.12,0.012023422
52.77855,0.0,1.0,63.8951,0.0,0.015650652
189.23166,1.0,1.0,80.434784,0.12,0.012432432
82.32866,0.0,1.0,61.866657,0.0,0.016163796
338.76312,0.0,1.0,59.12421,0.0,0.016913546
400.77545,0.0,1.0,58.987972,0.0,0.016952608
118.071815,2.0,0.31701952,73.24102,0.0,0.013653551
294.2375,0.0,1.0,59.257442,0.0,0.016875517
362.0933,2.0,0.051026873,71.27781,0.0,0.014029613
460.0124,0.0,1.0,58.892136,0.0,0.016980195
269.9416,2.0,0.24881645,73.530014,0.0,0.013599888
442.77673,2.0,0.07020818,71.219795,0.0,0.014041039
205.02072,1.0,1.0,78.2669,0.12,0.012776794
81.53456,0.0,1.0,61.901936,0.0,0.016154584
79.6803,0.0,1.0,60.426216,0.0,0.016549109
116.256775,2.0,0.15592186,73.70981,0.0,0.013566717
337.90262,1.0,1.0,77.457886,0.12,0.012910241
165.9158,0.0,1.0,60.04146,0.0,0.016655158
468.21512,2.0,0.28968444,79.21697,0.0,0.012623557
298.0581,2.0,0.082070395,65.027054,0.0,0.015378214
345.42712,2.0,0.18910314,74.909935,0.0,0.0133493645
256.1109,1.0,1.0,77.856514,0.12,0.01284414
304.63635,0.0,1.0,59.222843,0.0,0.016885376
379.70816,0.0,1.0,57.28051,0.0,0.017457945
67.02751,2.0,0.31225815,75.40373,0.0,0.013261943
87.77748,0.0,1.0,60.058964,0.0,0.016650304
360.74478,2.0,0.28518888,64.8718,0.0,0.015415018
370.269,0.0,1.0,57.301815,0.0,0.017451454
454.48315,1.0,1.0,77.137695,0.12,0.0129638305
54.772667,1.0,1.0,85.627396,0.12,0.011678505
443.69006,0.0,1.0,57.16004,0.0,0.017494738
73.11356,1.0,1.0,81.97848,0.12,0.012198324
431.43442,2.0,0.29575017,70.78992,0.0,0.0141263055
386.72906,1.0,1.0,79.35456,0.12,0.01260167
488.193,1.0,1.0,79.13946,0.12,0.012635922
341.0778,0.0,1.0,59.11823,0.0,0.016915256
251.02652,1.0,1.0,77.88986,0.12,0.012838641
473.16885,2.0,0.22836292,69.21325,0.0,0.014448101
239.91971,0.0,1.0,57.767273,0.0,0.01731084
380.61703,1.0,1.0,77.3178,0.12,0.012933631
334.67435,1.0,1.0,77.46992,0.12,0.012908236
205.06886,1.0,1.0,78.26642,0.12,0.012776872
224.28021,0.0,1.0,57.859474,0.0,0.017283255
121.64539,1.0,1.0,81.610016,0.12,0.012253398
420.9686,1.0,1.0,77.21158,0.12,0.012951425
257.7964,1.0,1.0,79.87221,0.12,0.012519999
436.85806,1.0,1.0,79.2358,0.12,0.012620558
107.41893,1.0,1.0,80.13613,0.12,0.012478765
338.10162,0.0,1.0,59.125935,0.0,0.01691305
210.5144,0.0,1.0,57.951954,0.0,0.017255673
120.95329,1.0,1.0,79.69677,0.12,0.01254756
334.68704,0.0,1.0,57.392895,0.0,0.01742376
84.59788,2.0,0.17639959,72.70222,0.0,0.0137547385
156.77994,2.0,0.26506615,72.805466,0.0,0.013735233
107.144646,1.0,1.0,80.14619,0.12,0.0124772005
50.916634,0.0,1.0,64.10175,0.0,0.015600198
373.2533,0.0,1.0,57.294964,0.0,0.01745354
118.38322,1.0,1.0,81.7007,0.12,0.012239797
68.229996,1.0,1.0,84.18603,0.12,0.011878456
330.02148,1.0,1.0,77.487686,0.12,0.012905275
84.52483,1.0,1.0,83.05508,0.12,0.0120402025
287.23248,0.0,1.0,57.54948,0.0,0.017376352
81.187164,0.0,1.0,61.9176,0.0,0.016150497
257.56372,1.0,1.0,79.87361,0.12,0.012519779
336.93387,2.0,0.13086434,80.02287,0.0,0.012496428
490.41757,1.0,1.0,79.13573,0.12,0.012636517
307.93878,2.0,0.26925996,73.12042,0.0,0.01367607
374.00977,2.0,0.38967878,72.62108,0.0,0.013770106
384.06622,0.0,1.0,59.020344,0.0,0.01694331
137.6979,0.0,1.0,60.40986,0.0,0.01655359
376.7124,0.0,1.0,57.287163,0.0,0.017455917
223.71925,0.0,1.0,57.86301,0.0,0.017282197
184.42418,1.0,1.0,80.48993,0.12,0.012423915
330.99698,2.0,0.3041899,66.95867,0.0,0.0149345845
234.18335,0.0,1.0,59.517395,0.0,0.016801812
192.5811,1.0,1.0,78.39978,0.12,0.012755137
395.2406,1.0,1.0,77.2768,0.12,0.012940494
368.35675,0.0,1.0,59.053467,0.0,0.016933806
115.852425,1.0,1.0,79.8503,0.12,0.012523433
274.21008,1.0,1.0,79.77927,0.12,0.012534585
97.058426,2.0,0.08562523,73.006325,0.0,0.0136974435
368.88782,0.0,1.0,59.052303,0.0,0.016934142
269.57977,1.0,1.0,77.77424,0.12,0.012857729
456.14432,0.0,1.0,57.14053,0.0,0.017500713
194.12695,1.0,1.0,78.382355,0.12,0.012757974
496.65393,2.0,0.35269713,69.558304,0.0,0.014376428
378.60532,1.0,1.0,77.32369,0.12,0.012932647
445.77933,0.0,1.0,58.912834,0.0,0.01697423
427.51944,0.0,1.0,57.187084,0.0,0.017486466
238.1895,1.0,1.0,80.00003,0.12,0.0124999955
184.28073,0.0,1.0,59.862293,0.0,0.016705006
81.698685,0.0,1.0,61.894596,0.0,0.016156498
434.57077,0.0,1.0,57.175045,0.0,0.017490149
441.58115,0.0,1.0,58.919197,0.0,0.016972397
419.4817,0.0,1.0,57.2013,0.0,0.01748212
92.44642,0.0,1.0,61.470158,0.0,0.016268058
415.94116,2.0,0.11921376,73.33098,0.0,0.013636802
321.06216,1.0,1.0,77.52335,0.12,0.012899338
261.64673,0.0,1.0,59.383713,0.0,0.016839635
250.77638,2.0,0.42269593,67.36407,0.0,0.014844709
411.49277,0.0,1.0,57.21598,0.0,0.017477635
260.53986,2.0,0.46033838,78.804924,0.0,0.012689562
93.892105,1.0,1.0,80.70181,0.12,0.012391295
78.15799,2.0,0.07875347,71.40709,0.0,0.014004213
173.92133,2.0,0.29540497,76.243385,0.0,0.013115892
344.02478,1.0,1.0,79.483055,0.12,0.012581298
177.86996,2.0,0.17072512,73.32402,0.0,0.013638096
354.97903,2.0,0.34894145,69.27669,0.0,0.014434869
488.3023,1.0,1.0,77.07342,0.12,0.012974642
404.97906,1.0,1.0,77.25113,0.12,0.012944794
210.26201,0.0,1.0,57.953766,0.0,0.017255135
71.22316,1.0,1.0,82.13158,0.12,0.012175585
114.01273,1.0,1.0,79.90905,0.12,0.012514227
78.0224,2.0,0.20758323,80.12006,0.0,0.0124812685
475.17276,0.0,1.0,57.11267,0.0,0.01750925
343.61398,2.0,0.34892341,73.45046,0.0,0.013614618
410.3543,0.0,1.0,58.970592,0.0,0.016957605
100.82843,2.0,0.3974113,83.77787,0.0,0.0119363265
391.27612,0.0,1.0,59.00604,0.0,0.016947418
326.52954,0.0,1.0,57.41657,0.0,0.017416576
353.40118,0.0,1.0,59.08773,0.0,0.016923988
484.19995,0.0,1.0,58.85974,0.0,0.016989542
416.69598,2.0,0.32189682,74.50009,0.0,0.013422802
233.48592,2.0,0.32434848,72.84329,0.0,0.0137281
350.3031,2.0,0.37678805,74.21762,0.0,0.01347389
296.4489,0.0,1.0,57.515144,0.0,0.017386725
479.2485,1.0,1.0,79.154755,0.12,0.012633479
90.30496,1.0,1.0,80.88026,0.12,0.012363957
475.6347,1.0,1.0,79.1611,0.12,0.012632467
249.12091,0.0,1.0,57.71844,0.0,0.017325485
197.70836,0.0,1.0,59.752373,0.0,0.016735736
194.14351,2.0,0.09568232,63.402515,0.0,0.015772244
308.2409,1.0,1.0,77.578,0.12,0.012890252
448.28635,0.0,1.0,57.152714,0.0,0.017496983
120.01603,2.0,0.37883818,69.898445,0.0,0.01430647
146.96045,2.0,0.4435624,70.79162,0.0,0.014125966
296.01028,1.0,1.0,79.67177,0.12,0.012551498
164.01877,0.0,1.0,58.379128,0.0,0.01712941
405.647,0.0,1.0,57.2271,0.0,0.01747424
470.46454,0.0,1.0,57.119354,0.0,0.017507201
409.01965,2.0,0.072698936,67.37678,0.0,0.0148419095
420.92047,0.0,1.0,58.952347,0.0,0.016962852
381.34283,2.0,0.48744586,73.379486,0.0,0.013627787
133.29279,0.0,1.0,60.481438,0.0,0.016533999
50.88614,1.0,1.0,84.49832,0.12,0.011834554
198.00021,0.0,1.0,58.047195,0.0,0.017227361
124.12277,2.0,0.34249252,72.84659,0.0,0.013727479
321.12082,1.0,1.0,77.5231,0.12,0.01289938
283.20575,0.0,1.0,57.565178,0.0,0.017371612
467.72403,1.0,1.0,77.11143,0.12,0.012968247
398.30853,0.0,1.0,58.99258,0.0,0.016951285
331.41382,0.0,1.0,59.14373,0.0,0.016907962
128.66673,1.0,1.0,81.430466,0.12,0.012280417
222.95624,1.0,1.0,78.10141,0.12,0.012803866
329.61725,1.0,1.0,79.5339,0.12,0.012573256
125.59024,1.0,1.0,79.56803,0.12,0.012567862
170.10358,0.0,1.0,59.9972,0.0,0.016667444
320.44156,0.0,1.0,59.17454,0.0,0.01689916
352.39267,2.0,0.40364963,70.05388,0.0,0.014274727
223.77861,2.0,0.23148383,76.28874,0.0,0.013108094
486.8718,0.0,1.0,57.096638,0.0,0.017514167
67.59712,0.0,1.0,61.137856,0.0,0.016356478
151.95724,2.0,0.13941807,79.993256,0.0,0.012501054
134.46162,0.0,1.0,58.80425,0.0,0.017005574
328.72156,2.0,0.42528436,68.2591,0.0,0.014650061
141.36478,0.0,1.0,60.353664,0.0,0.016569003
415.47827,2.0,0.31402203,66.98059,0.0,0.014929698
327.42725,0.0,1.0,59.154686,0.0,0.016904831
151.6817,2.0,0.3786646,67.78001,0.0,0.014753613
453.34244,1.0,1.0,79.20248,0.12,0.0126258675
473.03073,2.0,0.332243,72.64547,0.0,0.013765483
249.31244,2.0,0.31547117,69.17229,0.0,0.014456657
263.74603,0.0,1.0,59.374638,0.0,0.016842209
367.04535,1.0,1.0,77.35877,0.12,0.0129267825
200.11366,0.0,1.0,58.030273,0.0,0.017232385
318.053,2.0,0.2858539,70.166885,0.0,0.014251737
131.49283,0.0,1.0,60.512077,0.0,0.016525626
463.79175,2.0,0.37362385,81.34014,0.0,0.012294053
300.06976,2.0,0.18248217,71.52706,0.0,0.013980723
143.15,1.0,1.0,81.11572,0.12,0.012328067
147.511,1.0,1.0,79.06895,0.12,0.01264719
146.54338,0.0,1.0,58.60975,0.0,0.017062007
95.19843,1.0,1.0,80.64017,0.12,0.012400768
216.45403,0.0,1.0,57.910606,0.0,0.017267993
81.49622,1.0,1.0,83.231064,0.12,0.012014745
270.18277,0.0,1.0,59.3477,0.0,0.016849853
130.95813,1.0,1.0,81.37603,0.12,0.012288631
223.91615,0.0,1.0,59.5758,0.0,0.016785339
383.10504,1.0,1.0,77.3106,0.12,0.012934837
78.138756,0.0,1.0,62.060925,0.0,0.016113197
469.932,1.0,1.0,77.107185,0.12,0.012968959
464.4077,0.0,1.0,58.885994,0.0,0.016981967
75.417534,2.0,0.38809234,76.12656,0.0,0.01313602
153.72528,2.0,0.1258046,71.70711,0.0,0.01394562
465.1411,0.0,1.0,57.127075,0.0,0.017504836
398.40466,0.0,1.0,58.992397,0.0,0.016951336
103.25334,2.0,0.2093724,70.366714,0.0,0.014211264
145.10013,2.0,0.19642359,70.37997,0.0,0.014208589
486.7782,0.0,1.0,58.856483,0.0,0.016990483
404.44586,1.0,1.0,77.2525,0.12,0.012944564
72.91686,0.0,1.0,62.33429,0.0,0.016042534
388.75177,0.0,1.0,57.261078,0.0,0.01746387
396.32172,1.0,1.0,79.32953,0.12,0.012605648
114.58473,2.0,0.075395815,74.08839,0.0,0.013497393
201.9273,2.0,0.33216113,69.598175,0.0,0.014368193
88.06547,1.0,1.0,82.8647,0.12,0.012067865
394.64056,2.0,0.06657448,71.37041,0.0,0.01401141
90.21547,2.0,0.13953659,73.16963,0.0,0.013666872
280.53763,2.0,0.39910316,73.40964,0.0,0.01362219
423.91803,2.0,0.084418185,68.13109,0.0,0.014677587
56.60435,1.0,1.0,83.66099,0.12,0.011953003
296.9303,1.0,1.0,77.63012,0.12,0.012881598
121.95079,2.0,0.18222679,73.460846,0.0,0.013612694
376.7133,2.0,0.0800101,67.08282,0.0,0.0149069475
412.77,1.0,1.0,79.289276,0.12,0.012612047
197.50606,0.0,1.0,59.753925,0.0,0.016735302
362.36334,2.0,0.30824316,70.61433,0.0,0.014161432
323.0347,0.0,1.0,59.167076,0.0,0.016901292
302.25708,0.0,1.0,57.494587,0.0,0.01739294
493.03067,1.0,1.0,79.13141,0.12,0.012637207
230.40288,1.0,1.0,80.05681,0.12,0.01249113
204.29059,0.0,1.0,57.997864,0.0,0.017242014
151.83647,2.0,0.088882186,74.04859,0.0,0.013504646
153.33098,0.0,1.0,60.189003,0.0,0.016614331
321.56186,0.0,1.0,59.17131,0.0,0.016900083
390.89124,2.0,0.24465331,64.00393,0.0,0.015624041
293.37653,1.0,1.0,79.68391,0.12,0.012549586
319.68445,0.0,1.0,59.176746,0.0,0.01689853
55.06152,1.0,1.0,83.86978,0.12,0.011923246
378.8352,2.0,0.14673544,69.75143,0.0,0.014336625
443.00763,0.0,1.0,58.917023,0.0,0.016973024
82.34207,0.0,1.0,60.29753,0.0,0.016584428
69.6827,2.0,0.31632307,72.50515,0.0,0.013792124
473.58374,1.0,1.0,79.16474,0.12,0.012631886
122.44683,0.0,1.0,60.679653,0.0,0.01647999
257.0559,1.0,1.0,77.850464,0.12,0.012845139
104.385635,2.0,0.38386545,79.21681,0.0,0.012623583
134.63069,2.0,0.29656395,72.236015,0.0,0.01384351
243.64368,2.0,0.26531312,72.14893,0.0,0.013860218
61.360306,1.0,1.0,84.84283,0.12,0.011786501
362.67203,1.0,1.0,77.37263,0.12,0.012924467
292.83917,1.0,1.0,77.64996,0.12,0.012878306
63.835842,1.0,1.0,84.58985,0.12,0.01182175
293.9904,0.0,1.0,57.52409,0.0,0.01738402
380.2339,1.0,1.0,79.372246,0.12,0.012598862
174.6289,0.0,1.0,58.261604,0.0,0.017163962
59.938187,0.0,1.0,63.220043,0.0,0.015817769
50.188854,0.0,1.0,62.765553,0.0,0.015932307
230.51277,2.0,0.12490523,68.78394,0.0,0.014538278
331.04587,2.0,0.17142193,64.97037,0.0,0.015391633
163.15451,2.0,0.22867087,77.85189,0.0,0.012844903
203.96713,0.0,1.0,59.70608,0.0,0.016748713
332.94675,0.0,1.0,59.139584,0.0,0.016909149
209.26422,1.0,1.0,80.2323,0.12,0.012463808
229.22588,1.0,1.0,80.06573,0.12,0.012489738
380.41214,1.0,1.0,77.31839,0.12,0.012933534
478.77783,1.0,1.0,77.09061,0.12,0.0129717495
245.19191,2.0,0.269974,69.239975,0.0,0.014442524
116.59009,0.0,1.0,60.802017,0.0,0.016446823
489.932,0.0,1.0,58.85254,0.0,0.01699162
362.6983,1.0,1.0,77.372536,0.12,0.012924482
300.34863,0.0,1.0,59.23682,0.0,0.016881391
311.34824,0.0,1.0,57.463943,0.0,0.017402217
432.5191,1.0,1.0,79.24499,0.12,0.012619095
262.2794,2.0,0.2677665,72.78851,0.0,0.013738432
258.8828,0.0,1.0,59.39588,0.0,0.016836183
209.37978,2.0,0.27875468,70.86903,0.0,0.014110535
253.30836,1.0,1.0,79.89973,0.12,0.012515688
282.04892,2.0,0.077263154,68.067055,0.0,0.014691396
378.58374,1.0,1.0,79.37682,0.12,0.0125981355
478.18518,2.0,0.16740839,78.07805,0.0,0.012807697
422.77628,0.0,1.0,58.949238,0.0,0.016963746
363.06177,2.0,0.10979836,76.10978,0.0,0.013138916
405.39282,1.0,1.0,79.306915,0.12,0.012609241
187.64207,1.0,1.0,78.45744,0.12,0.012745764
440.71808,0.0,1.0,58.92052,0.0,0.016972017
375.98486,0.0,1.0,59.037037,0.0,0.01693852
248.80444,2.0,0.25785342,65.63987,0.0,0.015234643
165.68839,0.0,1.0,58.359634,0.0,0.017135132
99.0049,1.0,1.0,82.36248,0.12,0.01214145
225.20424,2.0,0.10903779,74.212036,0.0,0.013474904
306.49994,1.0,1.0,77.58577,0.12,0.0128889615
300.06342,1.0,1.0,77.61529,0.12,0.012884059
254.84822,1.0,1.0,79.890175,0.12,0.012517184
180.6409,0.0,1.0,59.894917,0.0,0.016695907
342.97754,1.0,1.0,79.486595,0.12,0.0125807375
270.78046,0.0,1.0,59.345257,0.0,0.016850546
273.57294,2.0,0.17001913,69.26937,0.0,0.014436394
254.50156,0.0,1.0,59.415714,0.0,0.016830564
75.64702,0.0,1.0,60.638474,0.0,0.01649118
390.7307,0.0,1.0,59.0071,0.0,0.016947113
230.68759,2.0,0.2611071,72.330315,0.0,0.013825462
377.6647,1.0,1.0,77.326454,0.12,0.012932184
289.85767,1.0,1.0,77.66478,0.12,0.01287585
487.42886,2.0,0.09913893,72.50668,0.0,0.013791832
385.88776,0.0,1.0,59.016678,0.0,0.016944364
88.226135,1.0,1.0,82.856415,0.12,0.012069072
140.08267,0.0,1.0,60.37297,0.0,0.016563704
233.23807,1.0,1.0,80.0357,0.12,0.012494425
456.59592,1.0,1.0,79.1962,0.12,0.012626869
483.7851,0.0,1.0,57.100784,0.0,0.017512893
403.7949,2.0,0.34644985,75.78151,0.0,0.013195831
485.36737,2.0,0.12694262,74.08187,0.0,0.013498579
152.75548,2.0,0.48593497,72.78694,0.0,0.013738727
254.67076,1.0,1.0,79.891266,0.12,0.012517014
405.6961,0.0,1.0,57.226997,0.0,0.01747427
91.270935,0.0,1.0,59.920643,0.0,0.01668874
75.03029,2.0,0.17771824,74.67873,0.0,0.013390694
410.1409,2.0,0.41374895,75.25501,0.0,0.0132881515
493.04507,0.0,1.0,58.848686,0.0,0.016992733
62.604156,0.0,1.0,61.51212,0.0,0.016256958
279.4132,1.0,1.0,77.71917,0.12,0.012866839
312.2249,0.0,1.0,57.461082,0.0,0.017403083
317.25317,1.0,1.0,79.581215,0.12,0.0125657795
239.05254,2.0,0.07881464,74.80527,0.0,0.013368042
88.32532,1.0,1.0,80.98493,0.12,0.012347976
337.1551,1.0,1.0,77.46065,0.12,0.012909781
188.06288,2.0,0.31742463,67.336235,0.0,0.014850846
301.21112,1.0,1.0,79.64843,0.12,0.012555175
337.7622,0.0,1.0,57.38426,0.0,0.01742638
203.67123,1.0,1.0,80.284836,0.12,0.0124556525
419.91666,2.0,0.3535145,66.94139,0.0,0.014938441
227.67853,2.0,0.18149069,73.470375,0.0,0.013610927
355.7185,1.0,1.0,77.39536,0.12,0.01292067
322.76834,0.0,1.0,59.167835,0.0,0.016901076
352.4094,1.0,1.0,77.406494,0.12,0.012918812
293.5528,1.0,1.0,79.68308,0.12,0.012549715
262.54132,1.0,1.0,79.84414,0.12,0.012524401
221.97292,2.0,0.111549854,69.89795,0.0,0.014306572
379.3485,0.0,1.0,57.281303,0.0,0.017457703
499.58813,1.0,1.0,79.12075,0.12,0.01263891
439.5051,0.0,1.0,58.922386,0.0,0.016971478
386.63165,1.0,1.0,79.35483,0.12,0.012601628
131.89261,1.0,1.0,81.35437,0.12,0.012291903
114.487366,1.0,1.0,81.81574,0.12,0.012222587
350.2546,2.0,0.43510473,71.21119,0.0,0.014042736
291.93237,2.0,0.11554198,75.237076,0.0,0.01329132
249.0192,1.0,1.0,77.90341,0.12,0.012836408
474.3703,2.0,0.22173284,73.31269,0.0,0.0136402035
339.0964,2.0,0.2525309,75.45031,0.0,0.013253756
286.22293,0.0,1.0,59.285824,0.0,0.016867438
437.0079,2.0,0.30359477,73.34675,0.0,0.01363387
298.0224,0.0,1.0,59.244568,0.0,0.016879184
216.1892,2.0,0.31990135,65.420815,0.0,0.015285656
437.0266,1.0,1.0,77.17476,0.12,0.012957604
364.01273,2.0,0.25774404,65.9317,0.0,0.015167211
427.01688,0.0,1.0,58.942226,0.0,0.016965766
380.4397,1.0,1.0,79.37168,0.12,0.012598951
278.2747,2.0,0.3431985,75.65275,0.0,0.01321829
153.06676,1.0,1.0,78.96517,0.12,0.012663811
51.858692,0.0,1.0,63.99533,0.0,0.01562614
111.60303,1.0,1.0,79.98893,0.12,0.012501731
448.857,0.0,1.0,58.90825,0.0,0.016975552
150.79599,0.0,1.0,60.221714,0.0,0.016605306
415.57294,2.0,0.054279532,72.80486,0.0,0.013735346
167.61853,0.0,1.0,58.337585,0.0,0.017141609
112.434006,1.0,1.0,79.96098,0.12,0.0125060985
159.96411,0.0,1.0,58.428146,0.0,0.01711504
106.358734,0.0,1.0,61.048115,0.0,0.016380522
434.16373,1.0,1.0,79.241486,0.12,0.012619653
314.6799,2.0,0.2538449,74.30179,0.0,0.013458625
80.42772,1.0,1.0,83.29631,0.12,0.012005333
377.04715,2.0,0.42755345,64.64354,0.0,0.01546945
79.687164,2.0,0.30961913,70.657265,0.0,0.014152827
51.233345,2.0,0.14243472,72.45605,0.0,0.01380147
250.29459,0.0,1.0,59.43541,0.0,0.016824987
299.45987,0.0,1.0,57.504387,0.0,0.017389977
110.25801,0.0,1.0,59.322132,0.0,0.016857114
220.76172,0.0,1.0,59.594837,0.0,0.016779978
486.2812,1.0,1.0,79.14268,0.12,0.012635408
194.2822,0.0,1.0,58.077847,0.0,0.01721827
215.10738,1.0,1.0,80.18034,0.12,0.0124718845
479.39053,2.0,0.3630784,67.80992,0.0,0.014747105
414.94803,2.0,0.25450432,74.177986,0.0,0.013481089
393.3263,2.0,0.055518337,74.391685,0.0,0.013442363
164.86325,0.0,1.0,60.05293,0.0,0.016651977
68.38556,0.0,1.0,61.08374,0.0,0.016370969
422.47668,0.0,1.0,58.94974,0.0,0.016963603
269.80243,1.0,1.0,79.80312,0.12,0.012530838
246.83316,2.0,0.40975857,66.885765,0.0,0.014950864
87.95441,1.0,1.0,81.005066,0.12,0.012344906
243.46979,2.0,0.41857764,70.452614,0.0,0.014193937
248.47168,2.0,0.1661056,68.01364,0.0,0.014702933
363.46854,1.0,1.0,77.37008,0.12,0.012924893
451.1745,0.0,1.0,57.148182,0.0,0.017498368
154.47327,1.0,1.0,80.91075,0.12,0.012359297
304.46832,2.0,0.31353262,67.70164,0.0,0.014770691
419.77747,2.0,0.41703635,72.18622,0.0,0.01385306
73.506714,0.0,1.0,62.301464,0.0,0.016050987
107.130775,0.0,1.0,59.406116,0.0,0.016833283
363.55884,1.0,1.0,79.42053,0.12,0.012591202
307.16302,1.0,1.0,79.62268,0.12,0.012559236
210.97235,1.0,1.0,80.21683,0.12,0.012466213
209.63173,1.0,1.0,80.22895,0.12,0.012464329
490.00726,1.0,1.0,77.07041,0.12,0.012975148
220.54948,2.0,0.4018493,69.93216,0.0,0.014299573
270.40686,2.0,0.4752369,74.56828,0.0,0.013410527
