feed_rate,grinder_type,duty_cycle,unit_cost,score
265.10492,2.0,0.534574,59.47825,0.013232566
291.96228,2.0,0.2511128,57.773438,0.016947407
295.32275,0.0,1.0,141.40732,-6.099027e-05
278.5465,2.0,0.34826759,59.32348,0.016437842
445.24704,0.0,1.0,72.24966,0.011150346
271.50287,2.0,0.729748,142.02693,-5.5468787e-05
280.44745,2.0,0.38735464,59.376,0.016423302
405.05457,2.0,0.35902178,57.62177,0.016992014
394.15833,1.0,1.0,139.77727,-6.1162566e-05
459.8107,2.0,0.8740562,141.77888,-2.080455e-05
333.88824,2.0,0.84514105,140.44719,-2.1285063e-05
306.98517,2.0,0.76190203,141.97258,-5.588186e-05
185.14098,2.0,0.33564985,58.27186,0.016802449
112.630356,2.0,0.14328983,60.301212,0.016171318
279.3191,0.0,1.0,140.0634,-6.888438e-05
51.593132,1.0,1.0,147.20454,-3.2947322e-05
168.92697,1.0,1.0,141.12378,-3.4650402e-05
183.36067,2.0,0.40428075,58.32311,0.016787685
65.47903,2.0,0.94184154,144.5765,-2.0404404e-05
189.28525,0.0,1.0,142.07608,-3.477007e-05
142.60861,1.0,1.0,141.52255,-3.455277e-05
110.511894,2.0,0.3659433,59.080273,0.016572537
132.10303,2.0,0.27664092,60.10457,0.016224224
478.09668,0.0,1.0,62.840992,0.014621619
246.49483,2.0,0.25002816,59.398235,0.016417155
324.58868,1.0,1.0,140.08696,-7.0544236e-05
324.86993,0.0,1.0,140.45604,1.2403586e-05
462.86783,0.0,1.0,66.08945,0.0133123025
352.07016,1.0,1.0,139.99353,-7.0107904e-05
121.11605,1.0,1.0,143.36612,-3.382944e-05
219.74986,1.0,1.0,142.08754,-3.4133853e-05
309.12457,2.0,0.2039524,59.20429,0.016470935
476.52637,0.0,1.0,63.110146,0.014508084
189.1758,1.0,1.0,140.89252,-3.470728e-05
444.24518,0.0,1.0,72.70105,0.0110062715
270.74933,1.0,1.0,141.79182,-3.420504e-05
471.9592,1.0,1.0,135.69601,0.0004159617
246.72105,0.0,1.0,141.71233,-7.006176e-05
51.47289,2.0,0.74332833,144.0751,-2.0749832e-05
157.65878,2.0,0.2495156,59.8255,0.016299905
318.49146,2.0,0.37529984,57.75516,0.01695277
377.41266,0.0,1.0,123.19512,0.0015492586
262.01648,1.0,1.0,140.35612,-3.483992e-05
155.671,2.0,0.27652302,58.43506,0.016755521
438.61264,2.0,0.6067722,138.93492,2.8751016e-05
58.893005,2.0,0.3641427,60.75731,0.016115097
359.22122,2.0,0.5659375,57.762444,0.01369419
117.81642,0.0,1.0,143.02148,-3.454023e-05
82.90083,1.0,1.0,144.67918,-3.3522414e-05
50.785065,2.0,0.7115848,145.28795,-5.4697342e-05
497.6631,0.0,1.0,60.380142,0.015705368
238.84145,1.0,1.0,140.49132,-3.480639e-05
214.42654,0.0,1.0,140.43213,-3.5461515e-05
418.2321,1.0,1.0,139.38976,-3.2589265e-05
241.23615,0.0,1.0,140.26839,-7.110684e-05
74.68232,0.0,1.0,144.46765,-3.4194472e-05
393.29388,2.0,0.23932579,59.074688,0.01650707
212.4501,2.0,0.5419242,59.651485,0.013194138
82.32975,2.0,0.59084016,59.952198,0.013194007
384.56628,1.0,1.0,139.85088,-6.5459324e-05
239.12396,0.0,1.0,141.75087,-7.009119e-05
441.48236,1.0,1.0,138.33257,5.4792614e-05
81.85003,0.0,1.0,142.81158,-3.4871086e-05
98.49742,0.0,1.0,142.16115,-3.5030636e-05
471.82776,2.0,0.14613567,57.43683,0.017046725
87.08288,2.0,0.53673077,61.058624,0.012890068
275.09912,1.0,1.0,140.28989,-3.4856366e-05
57.860077,1.0,1.0,145.27142,-3.3661097e-05
260.25378,2.0,0.90315366,140.70625,-2.1249925e-05
221.94582,2.0,0.20490512,58.014812,0.016876897
375.778,2.0,0.3462107,57.642174,0.016986
320.4864,0.0,1.0,140.71759,-8.947834e-06
182.01707,0.0,1.0,140.69371,-3.539601e-05
59.21698,0.0,1.0,144.28252,-3.4515586e-05
176.2385,2.0,0.81725657,141.01709,-5.6632052e-05
62.87037,2.0,0.69040674,144.60086,-2.0398778e-05
98.176956,1.0,1.0,142.68086,-3.4272263e-05
137.33516,2.0,0.82544357,142.77649,-5.566014e-05
195.84775,1.0,1.0,140.82678,-3.4723478e-05
151.41241,1.0,1.0,141.37373,-3.458914e-05
283.93573,1.0,1.0,140.2486,-3.486621e-05
177.84894,0.0,1.0,142.17632,-3.4745557e-05
251.81177,1.0,1.0,141.88766,-3.4181936e-05
307.7994,0.0,1.0,141.18631,-4.5681696e-05
185.83537,0.0,1.0,142.10503,-3.4762987e-05
368.5557,2.0,0.24512467,59.118603,0.016494809
458.65158,0.0,1.0,67.288414,0.012860678
385.7862,0.0,1.0,117.08192,0.0022598996
394.33075,2.0,0.4734346,57.675003,0.01697633
410.44644,2.0,0.6325935,139.91644,-3.522681e-05
350.61902,0.0,1.0,136.72337,0.00033580122
461.86777,0.0,1.0,67.87145,0.012863014
97.348785,0.0,1.0,142.19888,-3.502134e-05
151.72235,0.0,1.0,141.03926,-3.5309287e-05
368.17636,0.0,1.0,128.62985,0.0009746629
66.35992,0.0,1.0,143.70993,-3.4653105e-05
257.7338,2.0,0.83806074,142.10469,-2.0752395e-05
309.06195,0.0,1.0,139.664,-4.3886612e-05
482.5157,2.0,0.46321014,57.584087,0.017003134
72.43689,0.0,1.0,143.3117,-3.4749395e-05
427.7057,1.0,1.0,139.08133,-7.744505e-06
144.67758,0.0,1.0,141.14035,-3.5283996e-05
220.1497,1.0,1.0,142.0847,-3.4134537e-05
498.95764,0.0,1.0,60.26336,0.015758917
162.34625,2.0,0.9738745,142.70273,-2.0672325e-05
481.3143,2.0,0.3328754,57.525955,0.017020317
287.22302,1.0,1.0,141.71873,-3.4222277e-05
105.958885,1.0,1.0,142.40784,-3.433797e-05
106.18107,2.0,0.2093224,60.473503,0.016125245
377.291,0.0,1.0,123.275986,0.0015403341
472.64923,1.0,1.0,134.02863,0.00043663432
58.291172,0.0,1.0,145.5784,-3.393357e-05
217.8854,2.0,0.26849452,59.486477,0.016392801
424.49332,0.0,1.0,84.30082,0.007832008
233.71262,0.0,1.0,140.31071,-3.5484587e-05
112.2135,1.0,1.0,142.21582,-3.438433e-05
461.23184,0.0,1.0,68.047874,0.012798583
193.57458,1.0,1.0,142.29987,-3.4082925e-05
495.4097,2.0,0.39741036,57.52502,0.017020592
338.3136,2.0,0.84636885,140.42825,-2.1286154e-05
56.284206,2.0,0.9562862,143.74039,-2.0801373e-05
352.1045,1.0,1.0,139.99342,-7.0107126e-05
187.4486,1.0,1.0,140.9103,-3.4702898e-05
106.22844,2.0,0.4462593,60.592854,0.01609348
249.32866,1.0,1.0,140.42702,-3.482233e-05
267.27118,2.0,0.45723203,59.429947,0.016408393
353.3162,0.0,1.0,135.98962,0.00040205262
79.43421,0.0,1.0,144.23135,-3.4250494e-05
228.346,1.0,1.0,142.02846,-3.4148055e-05
223.24074,2.0,0.5116894,58.15424,0.013601931
404.3069,0.0,1.0,102.52577,0.0044534663
248.6944,2.0,0.15361457,57.86658,0.016920129
65.56164,2.0,0.2816983,61.708904,0.015802419
355.17426,1.0,1.0,141.48099,-6.895e-05
278.51035,0.0,1.0,141.55132,-6.80537e-05
391.5171,0.0,1.0,113.868034,0.0028122475
153.45677,1.0,1.0,141.34161,-3.4597e-05
270.69434,1.0,1.0,140.31148,-3.4851004e-05
464.35162,2.0,0.28871596,57.518837,0.017022423
487.97507,2.0,0.9083311,140.27676,-2.1314732e-05
200.53214,2.0,0.6141293,140.7059,-4.828077e-05
241.60445,1.0,1.0,140.47383,-3.4810724e-05
362.0172,2.0,0.30618364,57.66808,0.016978368
195.8654,2.0,0.16082314,59.544872,0.016376724
457.5758,0.0,1.0,69.13009,0.012410499
294.10672,2.0,0.33912653,57.80428,0.016938364
210.24698,2.0,0.31750163,58.10355,0.016851122
227.78358,1.0,1.0,142.03218,-3.414716e-05
189.69513,0.0,1.0,140.62364,-3.5413643e-05
132.93747,2.0,0.65793455,142.70964,-5.148521e-05
197.79175,0.0,1.0,140.55568,-3.5430767e-05
324.30463,2.0,0.3860837,59.26747,0.016453374
385.62656,1.0,1.0,141.34659,-6.4140826e-05
231.26553,1.0,1.0,142.00938,-3.415264e-05
466.36945,2.0,0.32845983,57.532673,0.01701833
283.68564,0.0,1.0,141.51685,-6.678082e-05
212.85036,1.0,1.0,142.13844,-3.412163e-05
81.88155,1.0,1.0,144.731,-3.3510412e-05
153.02792,2.0,0.7121548,142.58797,-5.5085035e-05
329.80267,0.0,1.0,138.5783,4.49473e-05
283.38733,0.0,1.0,141.51901,-6.687023e-05
497.10114,0.0,1.0,60.43229,0.015681524
238.95255,2.0,0.58662164,59.54771,0.01321713
246.39569,2.0,0.1562094,57.880913,0.01691594
480.4637,0.0,1.0,63.97199,0.014376858
94.259895,2.0,0.7937865,142.10716,-2.1032665e-05
327.32587,1.0,1.0,141.57077,-6.95076e-05
79.65785,2.0,0.2669227,61.04901,0.015973233
498.166,1.0,1.0,125.48735,0.0012785272
410.75235,2.0,0.42219785,57.634766,0.016988182
349.3303,1.0,1.0,140.00287,-7.020598e-05
168.91443,0.0,1.0,142.26404,-3.4724133e-05
124.60118,2.0,0.9759556,143.0838,-2.061727e-05
59.596523,0.0,1.0,144.24864,-3.452369e-05
410.18298,0.0,1.0,97.31539,0.005335705
336.01883,0.0,1.0,139.41312,0.000100025405
248.49217,2.0,0.19062868,59.359165,0.016427958
66.57983,0.0,1.0,144.94836,-3.408107e-05
175.60269,2.0,0.4516648,59.796913,0.016307697
330.29684,1.0,1.0,141.56104,-6.949164e-05
345.19653,2.0,0.34918773,57.7135,0.016965006
456.70575,1.0,1.0,136.8309,0.00018454365
155.56711,0.0,1.0,140.98795,-3.5322137e-05
469.36746,0.0,1.0,66.02823,0.013556572
146.14352,0.0,1.0,141.11852,-3.5289457e-05
128.63284,2.0,0.6563182,142.81766,-5.369781e-05
84.941315,2.0,0.10086426,59.585323,0.016432066
184.89267,1.0,1.0,140.93721,-3.469627e-05
129.91638,0.0,1.0,141.38773,-3.522226e-05
193.5091,0.0,1.0,140.59091,-3.5421886e-05
227.68858,1.0,1.0,142.0328,-3.4147008e-05
370.75842,2.0,0.476748,57.71835,0.01696358
90.6391,0.0,1.0,142.43842,-3.4962446e-05
318.045,1.0,1.0,141.60199,-6.9531256e-05
177.73483,1.0,1.0,142.4587,-3.4044926e-05
439.97427,2.0,0.4761835,59.118927,0.016494716
481.80377,1.0,1.0,131.62051,0.00066261465
99.71985,2.0,0.40438727,60.61352,0.016087994
321.82822,0.0,1.0,139.15208,-3.059938e-06
316.3201,2.0,0.4499575,57.79802,0.016940199
382.33896,2.0,0.64355016,140.16743,-4.83215e-05
114.99625,1.0,1.0,143.5177,-3.3793713e-05
155.24585,2.0,0.80888224,142.61261,-5.571746e-05
221.88768,0.0,1.0,140.38268,-3.5472738e-05
319.6964,2.0,0.6566511,141.647,-4.1025873e-05
438.0054,2.0,0.7839624,141.76085,-5.5934575e-05
430.1145,0.0,1.0,80.459114,0.008782103
243.96213,1.0,1.0,141.93175,-3.417132e-05
53.201904,2.0,0.13327748,61.09949,0.016024847
464.90088,2.0,0.77425164,140.24176,-5.6875866e-05
222.64468,0.0,1.0,141.84253,-3.482566e-05
330.4855,1.0,1.0,141.56044,-6.949028e-05
284.86218,0.0,1.0,140.02383,-6.7381276e-05
335.95386,0.0,1.0,139.42122,9.933584e-05
139.23895,2.0,0.3329355,58.612225,0.016704876
432.90378,2.0,0.9562082,141.85646,-2.0795651e-05
130.8472,0.0,1.0,142.77213,-3.4600558e-05
403.4328,0.0,1.0,101.80603,0.004409889
97.45135,0.0,1.0,142.19548,-3.502218e-05
468.85364,1.0,1.0,134.84091,0.0003623428
462.67303,1.0,1.0,135.96,0.00026160412
367.88797,2.0,0.95345086,141.94983,-2.078197e-05
456.3625,0.0,1.0,69.51605,0.012274997
381.17035,0.0,1.0,122.08348,0.0018142335
366.25406,1.0,1.0,139.94183,-6.91439e-05
372.81787,1.0,1.0,141.4148,-6.727429e-05
377.79388,1.0,1.0,141.39139,-6.633702e-05
268.92255,0.0,1.0,141.60432,-6.932443e-05
290.9355,0.0,1.0,139.96988,-6.4739186e-05
499.7764,2.0,0.60440856,140.19908,4.1193376e-05
274.88177,0.0,1.0,141.57262,-6.866451e-05
125.71564,2.0,0.53210944,60.338642,0.013043877
469.2922,2.0,0.84270895,140.26256,-2.1313335e-05
269.85452,0.0,1.0,141.59956,-6.924308e-05
197.27943,1.0,1.0,142.26637,-3.4090946e-05
196.72562,1.0,1.0,140.81847,-3.472553e-05
453.91095,2.0,0.29049927,57.51881,0.01702243
281.69427,2.0,0.33032143,59.342655,0.01643253
168.1836,2.0,0.630429,140.90656,-4.850065e-05
258.57147,2.0,0.5177299,59.45489,0.013237765
499.95746,1.0,1.0,124.66293,0.0013660069
104.731445,1.0,1.0,143.81172,-3.372462e-05
212.4114,2.0,0.17659435,59.4815,0.016394174
72.45898,0.0,1.0,143.31038,-3.474972e-05
302.9466,2.0,0.52049196,59.378963,0.013254693
318.15063,2.0,0.64230365,141.53825,-3.3648477e-05
283.039,2.0,0.27894467,59.311855,0.016441064
459.96997,2.0,0.59721553,59.15396,0.013305108
160.72243,0.0,1.0,142.35306,-3.4702418e-05
143.35449,1.0,1.0,142.92421,-3.3934037e-05
293.84473,1.0,1.0,141.69165,-3.4228004e-05
432.61316,2.0,0.31795216,57.556973,0.017011143
52.874607,2.0,0.57936585,61.356003,0.012892134
62.933403,1.0,1.0,145.99957,-3.3219243e-05
156.10135,0.0,1.0,142.40738,-3.468918e-05
363.8336,2.0,0.13613398,57.582146,0.017003708
192.50566,0.0,1.0,140.59941,-3.5419747e-05
126.881905,2.0,0.5035635,58.906258,0.013428284
464.62708,1.0,1.0,135.63174,0.00029095865
50.293655,1.0,1.0,146.22047,-3.3442622e-05
297.8393,1.0,1.0,141.67589,-3.423099e-05
225.40865,1.0,1.0,142.04814,-3.414332e-05
307.97754,1.0,1.0,141.63766,-3.4236968e-05
137.70242,1.0,1.0,143.023,-3.3910597e-05
484.3908,1.0,1.0,130.81403,0.0007402362
289.55,1.0,1.0,141.70908,-3.4224202e-05
151.36716,2.0,0.8836112,142.70226,-2.0672149e-05
123.131325,1.0,1.0,143.31947,-3.3840446e-05
213.94719,0.0,1.0,140.43541,-3.5460685e-05
177.4141,0.0,1.0,142.18037,-3.4744568e-05
154.37683,2.0,0.2815362,59.878864,0.016285378
310.8429,2.0,0.8429518,140.50346,-2.1277297e-05
257.544,1.0,1.0,140.38031,-3.4833913e-05
109.14314,2.0,0.6070857,142.94919,-4.5202793e-05
83.755554,0.0,1.0,144.03975,-3.4296056e-05
192.08109,2.0,0.86197424,142.40344,-2.0714784e-05
412.17035,1.0,1.0,139.52878,-4.339864e-05
208.1474,1.0,1.0,140.71667,-3.475065e-05
290.18958,0.0,1.0,141.46289,-6.4194544e-05
374.4896,0.0,1.0,126.57127,0.0013240216
307.96198,1.0,1.0,141.63774,-3.423695e-05
209.25142,1.0,1.0,140.70741,-3.4752935e-05
153.1912,1.0,1.0,142.76968,-3.3970766e-05
449.965,1.0,1.0,137.6071,0.0001169259
355.17575,0.0,1.0,133.93271,0.00045994154
358.2789,2.0,0.43424565,59.20499,0.01647074
439.26773,2.0,0.52223736,57.632492,0.013725069
195.36601,2.0,0.6305641,140.47615,-3.3651726e-05
57.4855,0.0,1.0,144.44275,-3.44773e-05
429.20575,1.0,1.0,140.5275,-2.64125e-06
222.80411,0.0,1.0,141.84158,-3.4825895e-05
426.28537,0.0,1.0,83.029655,0.008136662
230.45679,2.0,0.73392165,140.7005,-5.6448756e-05
276.95752,1.0,1.0,140.28099,-3.4858578e-05
445.86627,0.0,1.0,73.48637,0.010963344
422.55283,1.0,1.0,139.265,-2.2647522e-05
174.60056,0.0,1.0,142.20715,-3.4738023e-05
423.05783,0.0,1.0,85.34964,0.0075874673
398.9797,1.0,1.0,139.72832,-5.7944777e-05
462.29663,0.0,1.0,66.24312,0.013253515
296.4223,1.0,1.0,140.19441,-3.487844e-05
141.42505,1.0,1.0,142.95705,-3.3926244e-05
278.04346,1.0,1.0,141.75842,-3.4213106e-05
72.56709,2.0,0.86244047,142.86176,-2.0929056e-05
212.34163,2.0,0.12704273,57.99857,0.016881622
361.98502,1.0,1.0,139.9583,-6.953758e-05
101.12485,2.0,0.9166586,143.47401,-2.0561198e-05
483.96613,2.0,0.8732432,141.78447,-2.0805217e-05
112.93349,1.0,1.0,143.5725,-3.3780812e-05
373.60934,1.0,1.0,139.91031,-6.813985e-05
396.9574,0.0,1.0,107.615295,0.0035202496
349.64587,0.0,1.0,135.46973,0.0003187235
255.38571,1.0,1.0,141.8685,-3.4186556e-05
126.00823,0.0,1.0,142.85869,-3.4579592e-05
257.59027,2.0,0.25606072,57.86465,0.016920691
277.93475,1.0,1.0,140.27637,-3.4859728e-05
340.46265,1.0,1.0,140.03267,-7.041246e-05
349.74286,2.0,0.18569574,57.62152,0.016992088
273.74548,0.0,1.0,141.57892,-6.881963e-05
50.528885,2.0,0.34258395,61.456615,0.015931726
267.62805,2.0,0.8275931,140.62253,-2.1259284e-05
345.73383,0.0,1.0,137.84279,0.00023626849
219.51782,2.0,0.8321292,140.76595,-5.673242e-05
130.4093,2.0,0.4078045,58.793907,0.016653255
168.07928,1.0,1.0,141.13469,-3.4647725e-05
429.51352,1.0,1.0,139.00641,-1.5970624e-06
353.69977,2.0,0.6837754,140.28061,-5.3087006e-05
52.954994,1.0,1.0,145.85573,-3.3526252e-05
192.29924,0.0,1.0,142.05165,-3.4776047e-05
486.2878,1.0,1.0,130.18498,0.000801466
304.56323,1.0,1.0,140.16145,-3.4884564e-05
366.50888,0.0,1.0,129.4583,0.00089137757
235.9669,2.0,0.7128602,142.10493,-5.4595355e-05
404.29492,0.0,1.0,102.53661,0.0044517247
134.51875,2.0,0.4920991,58.76218,0.016662246
238.29109,0.0,1.0,141.75523,-7.0091555e-05
442.87787,2.0,0.46844006,57.62829,0.016990092
351.5408,0.0,1.0,134.98482,0.00036288917
184.80997,0.0,1.0,140.66756,-3.5402587e-05
94.99075,2.0,0.9353237,142.15031,-2.1034055e-05
454.25665,0.0,1.0,70.21955,0.012031823
83.180664,0.0,1.0,144.06407,-3.4290264e-05
346.72018,1.0,1.0,140.01167,-7.0282396e-05
85.960175,1.0,1.0,144.5311,-3.355676e-05
465.4017,0.0,1.0,65.43893,0.013564211
331.45706,0.0,1.0,139.91791,5.7238678e-05
258.16943,2.0,0.7108339,142.01704,-5.41073e-05
481.06274,2.0,0.88085693,141.7957,-2.0804067e-05
281.6242,0.0,1.0,141.5313,-6.735503e-05
297.10278,1.0,1.0,141.67877,-3.4230703e-05
327.0289,1.0,1.0,141.57175,-6.950878e-05
227.99806,2.0,0.39694262,59.531372,0.016380439
166.5033,0.0,1.0,140.85495,-3.535549e-05
420.9677,1.0,1.0,139.31358,-2.6540118e-05
313.78864,0.0,1.0,139.51718,-3.2535165e-05
428.45346,2.0,0.9664825,140.36728,-2.1301243e-05
217.6403,2.0,0.47718176,59.583065,0.016366225
359.3867,1.0,1.0,141.46667,-6.8709625e-05
483.11664,1.0,1.0,131.21854,0.00070118014
388.61597,2.0,0.14293182,57.53973,0.017016243
119.242584,0.0,1.0,142.99153,-3.454747e-05
284.192,1.0,1.0,140.24742,-3.48665e-05
99.35718,2.0,0.62400043,142.59662,-1.3459052e-05
272.20886,2.0,0.6319337,141.69801,-3.6576115e-05
266.58185,0.0,1.0,140.13661,-7.0515765e-05
68.839066,0.0,1.0,143.53899,-3.4694374e-05
211.56958,0.0,1.0,140.45197,-3.5456505e-05
69.57545,1.0,1.0,145.47624,-3.3338747e-05
435.7795,0.0,1.0,77.02647,0.009711075
160.62448,1.0,1.0,141.23547,-3.4623e-05
388.05206,2.0,0.83555835,141.86537,-2.079038e-05
274.04956,1.0,1.0,141.77647,-3.4208744e-05
139.58922,0.0,1.0,141.21971,-3.5264165e-05
485.6323,1.0,1.0,130.40598,0.0007798853
220.91151,0.0,1.0,141.85294,-3.4823523e-05
333.19272,2.0,0.5697525,59.31847,0.013268208
61.91427,2.0,0.9153771,143.56332,-2.0827028e-05
364.033,2.0,0.61253226,139.88672,-2.8137325e-05
448.4791,0.0,1.0,70.875015,0.011600364
353.3556,2.0,0.51740944,57.76176,0.0136943525
433.77448,0.0,1.0,79.69925,0.009172266
409.84598,2.0,0.14900176,59.017067,0.016523186
437.79416,2.0,0.9962672,140.3508,-2.1303744e-05
424.8644,2.0,0.20253614,59.030556,0.01651941
347.51086,0.0,1.0,135.96791,0.00027372557
348.5937,0.0,1.0,135.72142,0.00029594178
224.25987,1.0,1.0,142.05598,-3.4141438e-05
220.12659,0.0,1.0,140.39406,-3.5470286e-05
305.33795,1.0,1.0,140.15839,-3.488491e-05
112.15227,2.0,0.7296487,141.71436,-5.6193447e-05
228.44969,1.0,1.0,140.56082,-3.478918e-05
134.68063,0.0,1.0,141.30197,-3.5243636e-05
201.58986,1.0,1.0,142.22899,-3.4099907e-05
387.71606,1.0,1.0,139.82953,-6.43007e-05
471.48648,2.0,0.12851301,58.94154,0.016544359
393.50293,0.0,1.0,112.158325,0.0030383717
334.38745,1.0,1.0,140.05313,-7.048719e-05
348.4486,0.0,1.0,137.25226,0.0002885388
209.39972,2.0,0.54697144,59.677673,0.013188347
66.79868,1.0,1.0,144.42728,-3.3857843e-05
385.75226,0.0,1.0,117.10871,0.0022566223
253.51048,2.0,0.3719807,59.41631,0.01641216
456.0622,1.0,1.0,138.42453,0.00017462071
282.983,0.0,1.0,140.03807,-6.796997e-05
348.385,0.0,1.0,137.26698,0.00028722855
436.4436,0.0,1.0,78.16159,0.0095891
337.2473,1.0,1.0,141.53865,-6.9430454e-05
130.5032,2.0,0.8081315,141.48535,-2.1129637e-05
182.25684,1.0,1.0,140.96576,-3.4689245e-05
287.1233,1.0,1.0,140.23431,-3.486976e-05
435.86588,2.0,0.9925234,141.86385,-2.0794569e-05
265.03125,2.0,0.24974036,57.864193,0.016920827
223.37433,1.0,1.0,140.5971,-3.47802e-05
124.475876,2.0,0.2711997,60.229694,0.01619052
63.92719,2.0,0.4600588,60.66209,0.016140392
475.7303,2.0,0.34808132,57.520535,0.01702192
226.76996,0.0,1.0,140.35208,-3.5478777e-05
150.85258,0.0,1.0,141.05122,-3.5306293e-05
258.36145,2.0,0.50086015,57.971333,0.013644845
259.91632,2.0,0.8595818,140.62361,-2.1258105e-05
441.3262,2.0,0.13998473,58.9875,0.01653147
74.79004,0.0,1.0,144.46198,-3.419582e-05
354.5325,0.0,1.0,134.13113,0.00044150968
276.31824,0.0,1.0,140.08228,-6.9448375e-05
232.94637,1.0,1.0,140.52998,-3.4796816e-05
331.1356,0.0,1.0,139.94897,5.4624077e-05
346.47214,2.0,0.53778815,59.293865,0.013273715
233.40536,1.0,1.0,141.9957,-3.415593e-05
180.72534,1.0,1.0,142.42656,-3.4052606e-05
204.03685,2.0,0.32908404,58.159096,0.016835026
320.25635,2.0,0.59533083,57.891197,0.013663733
463.6523,2.0,0.73375845,140.22194,-5.658028e-05
430.54605,0.0,1.0,80.182014,0.008854149
226.92888,0.0,1.0,141.81749,-3.483015e-05
364.62515,1.0,1.0,139.94824,-6.9307534e-05
450.64536,2.0,0.4966289,59.131268,0.016491273
151.10435,0.0,1.0,142.46988,-3.467396e-05
147.12033,0.0,1.0,142.52277,-3.4661098e-05
156.14563,0.0,1.0,142.40685,-3.468931e-05
440.21268,1.0,1.0,139.93028,4.6589073e-05
451.41943,0.0,1.0,71.23821,0.011688183
413.28802,1.0,1.0,139.50589,-4.1645388e-05
428.29752,1.0,1.0,140.56526,-5.703768e-06
246.13829,2.0,0.67541283,142.07237,-5.3917465e-05
341.54962,1.0,1.0,140.02902,-7.039409e-05
204.3168,1.0,1.0,140.74954,-3.4742538e-05
206.73328,0.0,1.0,140.4868,-3.5448138e-05
73.40434,2.0,0.3739175,60.077705,0.016297393
382.4552,2.0,0.60711205,139.78572,-2.3222365e-05
265.05957,2.0,0.2564674,57.867245,0.016919935
388.1018,0.0,1.0,116.72282,0.0024494717
323.41373,1.0,1.0,140.09113,-7.054803e-05
256.51923,0.0,1.0,140.18823,-7.094467e-05
471.27,2.0,0.752318,140.21123,-5.666884e-05
451.27087,1.0,1.0,138.9822,0.00012670267
91.62915,2.0,0.7282621,142.1639,-5.6089455e-05
218.77878,1.0,1.0,142.09453,-3.4132176e-05
73.242355,2.0,0.7147544,142.75049,-5.5785575e-05
87.72505,2.0,0.85427606,143.69922,-2.0528973e-05
195.01456,0.0,1.0,142.0303,-3.478128e-05
117.56866,1.0,1.0,143.45206,-3.3809174e-05
82.41437,1.0,1.0,144.70375,-3.3516724e-05
422.93973,2.0,0.4961262,57.665413,0.016979154
99.35411,1.0,1.0,142.63683,-3.4282843e-05
134.78441,0.0,1.0,142.70627,-3.4616525e-05
83.82655,0.0,1.0,142.72086,-3.489326e-05
241.86154,1.0,1.0,141.94403,-3.4168366e-05
270.87872,0.0,1.0,140.11359,-7.015799e-05
163.70801,0.0,1.0,142.31958,-3.471058e-05
135.6144,0.0,1.0,141.28586,-3.5247656e-05
116.61718,0.0,1.0,141.66425,-3.5153513e-05
285.17334,2.0,0.5860172,59.447548,0.0132393995
352.30136,2.0,0.57675755,59.29067,0.013274429
400.9836,1.0,1.0,141.2095,-5.551019e-05
57.39983,1.0,1.0,145.322,-3.3649383e-05
325.5647,2.0,0.6094205,141.40276,-2.454558e-05
92.12495,1.0,1.0,142.92511,-3.4213692e-05
305.41153,2.0,0.17592993,59.2055,0.016470598
325.6591,1.0,1.0,140.08319,-7.054024e-05
291.83783,2.0,0.42670545,59.341194,0.016432934
470.58838,2.0,0.64598095,141.47131,-4.192558e-05
179.94572,1.0,1.0,142.43483,-3.405063e-05
387.16388,2.0,0.62422556,139.92339,-3.3282977e-05
361.59296,0.0,1.0,131.63792,0.00067739317
161.90782,1.0,1.0,142.64842,-3.399964e-05
179.1452,0.0,1.0,140.72144,-3.5389035e-05
116.881165,1.0,1.0,142.08592,-3.4415767e-05
121.84113,1.0,1.0,143.34915,-3.3833443e-05
347.39975,2.0,0.7725766,140.40166,-5.6815166e-05
350.11353,1.0,1.0,141.49759,-6.915684e-05
97.511284,2.0,0.68876594,143.26482,-5.2886557e-05
312.56796,0.0,1.0,139.55907,-3.5816814e-05
330.28452,2.0,0.18956798,59.153805,0.01648499
135.9285,1.0,1.0,143.0557,-3.390285e-05
272.70593,2.0,0.121370085,57.76545,0.01694975
265.4733,0.0,1.0,141.62155,-6.956951e-05
163.07355,0.0,1.0,142.3266,-3.4708868e-05
347.6424,1.0,1.0,140.00858,-7.025701e-05
420.3617,2.0,0.4969671,59.1801,0.016477665
499.15747,0.0,1.0,60.245728,0.015767017
184.88359,0.0,1.0,140.66687,-3.540276e-05
239.26476,1.0,1.0,140.48859,-3.4807064e-05
305.02808,0.0,1.0,139.76088,-5.1074752e-05
471.18048,2.0,0.48578215,57.593876,0.017000243
239.51103,1.0,1.0,141.95804,-3.4164994e-05
101.98233,0.0,1.0,143.41025,-3.44466e-05
311.9003,1.0,1.0,141.6235,-3.423753e-05
108.04532,0.0,1.0,141.87854,-3.5100413e-05
320.1774,0.0,1.0,140.73363,-1.0245139e-05
69.507805,0.0,1.0,144.76172,-3.4125012e-05
371.6433,2.0,0.5256305,57.737858,0.013700021
223.96866,1.0,1.0,142.05798,-3.4140958e-05
90.80798,2.0,0.7753696,142.21765,-2.1018832e-05
379.39703,2.0,0.96126425,141.90991,-2.0787818e-05
392.29895,2.0,0.5110381,59.202045,0.013294302
168.73376,1.0,1.0,142.56224,-3.40202e-05
472.373,1.0,1.0,134.0912,0.00043087552
275.87396,2.0,0.84490156,140.58076,-2.1264328e-05
274.89584,2.0,0.84626126,142.06892,-2.076084e-05
459.0852,1.0,1.0,136.5062,0.00021313304
479.93887,1.0,1.0,132.16618,0.0006106529
196.04195,0.0,1.0,142.02238,-3.4783217e-05
466.0856,2.0,0.67785925,141.65489,-5.2589112e-05
478.60205,1.0,1.0,134.05208,0.00056657696
480.64688,2.0,0.25105697,57.489124,0.01703122
233.2454,0.0,1.0,140.31342,-3.5484325e-05
322.96143,1.0,1.0,141.58528,-6.9522874e-05
132.76099,0.0,1.0,141.33577,-3.5235207e-05
296.31555,0.0,1.0,139.90778,-6.1098646e-05
131.39499,1.0,1.0,141.74098,-3.449952e-05
100.67021,2.0,0.2521871,59.275105,0.016518064
305.8031,2.0,0.48305675,57.859516,0.016922193
247.67409,1.0,1.0,141.91055,-3.4176428e-05
473.64264,1.0,1.0,133.79897,0.00045781382
428.67648,1.0,1.0,140.54968,-4.4412113e-06
148.30171,1.0,1.0,141.42429,-3.4576773e-05
185.54141,1.0,1.0,142.37701,-3.4064455e-05
389.93762,0.0,1.0,115.20304,0.002640355
104.3728,1.0,1.0,143.82304,-3.372196e-05
271.0977,1.0,1.0,141.79019,-3.4205437e-05
88.16869,1.0,1.0,143.10289,-3.417119e-05
98.795586,2.0,0.90489835,143.36574,-2.0576234e-05
363.59256,2.0,0.55429983,57.779568,0.013690133
251.03078,0.0,1.0,141.6912,-7.00212e-05
128.2199,2.0,0.42995274,58.84459,0.016638912
481.32187,1.0,1.0,133.27728,0.00063891424
143.52534,2.0,0.107817344,58.5173,0.016731974
423.68008,2.0,0.39153305,59.12171,0.016493939
386.15063,1.0,1.0,141.34314,-6.395381e-05
409.10147,0.0,1.0,98.26161,0.0051685357
267.89908,1.0,1.0,140.32555,-3.4847508e-05
51.228317,0.0,1.0,145.11205,-3.431828e-05
126.497444,1.0,1.0,143.24493,-3.385806e-05
226.359,1.0,1.0,140.57558,-3.478553e-05
345.73615,2.0,0.8416356,141.93884,-2.078135e-05
357.41333,2.0,0.22662848,59.11375,0.016496161
269.1269,1.0,1.0,141.79951,-3.420319e-05
488.52914,0.0,1.0,62.861736,0.014841635
346.8684,2.0,0.2925004,57.681,0.016974567
105.14923,0.0,1.0,141.95883,-3.508056e-05
99.32711,0.0,1.0,142.13443,-3.503722e-05
287.58243,2.0,0.23125213,57.784058,0.016944293
352.45703,1.0,1.0,139.9922,-7.0092574e-05
119.659355,0.0,1.0,142.98293,-3.4549546e-05
427.3775,1.0,1.0,140.60202,-8.677015e-06
493.0459,1.0,1.0,127.67544,0.0010518832
132.74487,0.0,1.0,141.33607,-3.5235138e-05
229.99501,2.0,0.22395507,57.96945,0.016890101
164.82492,1.0,1.0,142.61072,-3.400863e-05
414.07474,2.0,0.54949206,59.18967,0.013297082
184.68164,0.0,1.0,140.66873,-3.5402292e-05
93.73387,1.0,1.0,142.8571,-3.422998e-05
400.84592,1.0,1.0,141.21115,-5.562513e-05
287.99506,1.0,1.0,140.23047,-3.4870303e-05
274.57214,1.0,1.0,141.7741,-3.4209323e-05
256.28076,2.0,0.36199686,57.920174,0.016904471
399.73212,0.0,1.0,106.63899,0.0038179043
422.3969,1.0,1.0,139.26994,-2.3044593e-05
164.60852,1.0,1.0,142.61348,-3.4007975e-05
391.83835,1.0,1.0,141.30107,-6.151392e-05
239.63318,2.0,0.39816788,59.458424,0.016400535
208.51405,0.0,1.0,141.93236,-3.4805278e-05
408.7696,2.0,0.3935995,59.132797,0.016490847
215.99112,2.0,0.8379587,140.79825,-2.1230724e-05
197.63565,0.0,1.0,140.55695,-3.543045e-05
239.54926,1.0,1.0,140.4868,-3.4807512e-05
434.93442,1.0,1.0,140.25162,1.9936248e-05
152.83856,2.0,0.714726,142.59296,-5.516419e-05
480.96442,0.0,1.0,63.894756,0.014408679
94.597404,1.0,1.0,144.16463,-3.3642063e-05
451.18008,2.0,0.11295813,58.95391,0.016540887
489.77652,2.0,0.9878695,140.30847,-2.131017e-05
208.89789,2.0,0.26889783,58.09111,0.01685473
127.83237,0.0,1.0,141.42725,-3.521242e-05
410.09897,0.0,1.0,95.88291,0.005427989
263.9964,1.0,1.0,140.34567,-3.4842513e-05
87.50705,1.0,1.0,144.46013,-3.3573247e-05
268.22137,1.0,1.0,140.32391,-3.484791e-05
105.566574,0.0,1.0,141.94699,-3.508349e-05
452.38998,2.0,0.8733819,141.79929,-2.0802547e-05
237.32356,1.0,1.0,141.9713,-3.4161803e-05
490.84668,2.0,0.55516005,57.607212,0.013731092
297.76736,2.0,0.5691179,57.89208,0.013663527
111.55211,0.0,1.0,141.7869,-3.5123103e-05
299.51126,2.0,0.10766719,57.67575,0.01697611
478.22794,0.0,1.0,64.331764,0.014229612
391.75626,2.0,0.9360079,141.89893,-2.0789179e-05
387.08417,2.0,0.6620384,141.7028,-5.0295388e-05
60.565292,2.0,0.6812724,144.75087,-2.0378853e-05
169.4031,0.0,1.0,142.259,-3.472536e-05
283.54663,0.0,1.0,140.0339,-6.780208e-05
468.10028,1.0,1.0,134.99036,0.0003487829
324.0924,1.0,1.0,141.58148,-6.951976e-05
395.37332,2.0,0.89505345,141.86761,-2.0793272e-05
256.72986,2.0,0.27781335,59.355858,0.016428877
273.73987,0.0,1.0,140.0975,-6.9828064e-05
312.5276,1.0,1.0,140.13078,-3.4887205e-05
462.93082,2.0,0.99747235,140.35277,-2.1303445e-05
440.63504,0.0,1.0,74.43151,0.010470088
57.339592,1.0,1.0,146.53436,-3.3098007e-05
361.88052,2.0,0.72746557,140.36263,-5.6579887e-05
319.49164,2.0,0.5441183,57.827217,0.013678851
163.75343,0.0,1.0,142.31908,-3.4710705e-05
188.2349,2.0,0.41980016,58.282364,0.01679942
326.13794,2.0,0.16576998,59.157078,0.01648408
490.20782,0.0,1.0,61.149513,0.01535747
205.5161,1.0,1.0,142.1963,-3.4107747e-05
338.7423,2.0,0.8672695,141.93141,-2.0781945e-05
129.33267,0.0,1.0,142.79854,-3.4594163e-05
478.685,1.0,1.0,134.02937,0.00056868483
468.16754,0.0,1.0,64.7838,0.013822963
471.9944,1.0,1.0,135.68816,0.0004166716
117.978806,0.0,1.0,143.01804,-3.4541063e-05
244.5682,1.0,1.0,141.92824,-3.417217e-05
358.76953,1.0,1.0,139.97006,-6.976758e-05
392.0133,0.0,1.0,111.940384,0.0029179226
157.93652,1.0,1.0,142.70201,-3.3986875e-05
153.30537,0.0,1.0,142.44185,-3.4680786e-05
346.42255,0.0,1.0,136.20334,0.00025259727
216.0886,1.0,1.0,142.11417,-3.412746e-05
446.58643,2.0,0.9785921,140.35506,-2.1303096e-05
257.59277,1.0,1.0,140.38007,-3.4833978e-05
67.64049,2.0,0.97371536,143.20494,-2.087915e-05
154.17795,1.0,1.0,142.75526,-3.3974196e-05
88.806305,1.0,1.0,144.40245,-3.3586657e-05
226.26675,1.0,1.0,142.04234,-3.4144716e-05
468.70016,0.0,1.0,66.175705,0.013499674
460.09222,2.0,0.18969664,57.48212,0.017033296
151.14392,1.0,1.0,141.37802,-3.4588094e-05
79.4882,2.0,0.8136485,142.4995,-5.6022865e-05
288.70297,0.0,1.0,141.47658,-6.490779e-05
220.09012,2.0,0.18223782,59.480392,0.016394477
438.1023,1.0,1.0,138.55853,3.570587e-05
422.9227,2.0,0.3395104,57.592125,0.01700076
165.06995,1.0,1.0,142.6076,-3.4009372e-05
490.15875,0.0,1.0,61.155167,0.015354946
227.46648,0.0,1.0,140.34784,-3.547985e-05
264.47107,1.0,1.0,140.34322,-3.4843124e-05
306.8334,1.0,1.0,141.64188,-3.4236356e-05
308.9057,2.0,0.47609696,59.33201,0.016435476
138.85701,1.0,1.0,141.5917,-3.4535893e-05
102.431015,1.0,1.0,143.88571,-3.3707274e-05
374.206,0.0,1.0,126.74553,0.001305693
314.1283,0.0,1.0,139.505,-3.1575186e-05
422.54184,2.0,0.36537743,59.11243,0.01649653
493.18997,0.0,1.0,62.33468,0.015067897
184.52309,0.0,1.0,140.6702,-3.5401925e-05
395.33856,0.0,1.0,109.048355,0.003315377
408.77145,1.0,1.0,139.59175,-4.815522e-05
254.56815,0.0,1.0,140.19818,-7.09863e-05
377.41806,1.0,1.0,141.39328,-6.641835e-05
165.38013,1.0,1.0,142.60368,-3.4010307e-05
142.32098,0.0,1.0,142.59036,-3.4644665e-05
347.42722,2.0,0.4971927,57.774494,0.016947096
227.33458,1.0,1.0,140.56866,-3.478724e-05
199.76929,1.0,1.0,142.24458,-3.409617e-05
484.04666,1.0,1.0,132.43784,0.0007182774
442.41132,0.0,1.0,73.55948,0.010737143
141.3068,1.0,1.0,142.95909,-3.392576e-05
386.4134,1.0,1.0,139.83864,-6.480575e-05
283.5708,1.0,1.0,140.25024,-3.48658e-05
99.89443,2.0,0.79250205,143.28204,-5.5367178e-05
385.74933,2.0,0.37993205,59.16097,0.016482994
173.21362,2.0,0.5829627,59.882854,0.0131431585
318.4464,2.0,0.2518287,59.191204,0.016474577
427.01944,2.0,0.53640336,57.672592,0.013715526
158.60086,2.0,0.22002806,58.372982,0.016773341
85.96267,1.0,1.0,143.20912,-3.414584e-05
90.14563,1.0,1.0,144.34473,-3.360009e-05
194.5353,1.0,1.0,142.29105,-3.4085035e-05
447.11823,1.0,1.0,139.38834,9.215426e-05
411.78568,2.0,0.5560418,57.693264,0.013710611
272.2325,2.0,0.56702757,59.45503,0.013237734
136.19312,0.0,1.0,142.68362,-3.462202e-05
50.6082,1.0,1.0,146.17535,-3.3452943e-05
423.702,2.0,0.96522653,141.88974,-2.0790772e-05
206.32231,2.0,0.31207964,58.132156,0.016842829
197.25317,0.0,1.0,142.01314,-3.478548e-05
137.65933,1.0,1.0,143.02377,-3.3910415e-05
445.84518,0.0,1.0,71.98594,0.011235353
321.55878,1.0,1.0,140.09772,-7.055229e-05
251.93945,2.0,0.26447454,57.899994,0.016910363
184.59697,2.0,0.42612278,58.3213,0.016788205
316.6105,2.0,0.9943976,140.5444,-2.1274396e-05
61.992634,0.0,1.0,145.27623,-3.4004155e-05
318.22507,2.0,0.63779646,139.98445,-3.0056874e-05
456.23566,1.0,1.0,138.40237,0.00017653423
380.10294,2.0,0.23732516,59.11042,0.016497092
398.24454,1.0,1.0,141.24072,-5.763616e-05
220.98695,2.0,0.22026178,58.02905,0.016872754
464.89017,0.0,1.0,67.07773,0.013157042
411.44577,2.0,0.19701895,59.035236,0.016518101
331.31958,1.0,1.0,140.0636,-7.051139e-05
467.6597,1.0,1.0,136.58774,0.0003358869
404.64862,0.0,1.0,100.71425,0.004588546
304.8102,0.0,1.0,141.25438,-5.0663544e-05
292.18103,0.0,1.0,141.44298,-6.309775e-05
117.13425,2.0,0.19029097,60.235077,0.016189072
325.7298,1.0,1.0,141.57603,-6.951414e-05
165.3071,2.0,0.11094612,58.30726,0.016792247
79.61849,2.0,0.2287527,59.729954,0.016392278
311.61362,0.0,1.0,139.58981,-3.820471e-05
462.66986,0.0,1.0,67.653694,0.0129430005
151.32489,1.0,1.0,142.79745,-3.396416e-05
478.7131,1.0,1.0,134.02165,0.00056940195
374.131,2.0,0.20589703,57.583233,0.017003385
396.2894,0.0,1.0,108.20827,0.00343482
233.73004,1.0,1.0,141.99364,-3.415643e-05
74.013435,1.0,1.0,145.17891,-3.3407025e-05
237.6511,0.0,1.0,140.28825,-7.111204e-05
218.04391,2.0,0.43338287,59.56028,0.016372487
126.74893,1.0,1.0,141.8428,-3.4474753e-05
402.3147,2.0,0.50411147,59.202614,0.013294174
117.859505,2.0,0.67396444,142.86371,-5.0296658e-05
348.10547,1.0,1.0,140.007,-7.0243485e-05
291.313,1.0,1.0,140.21603,-3.4873894e-05
295.29376,2.0,0.26745045,59.25289,0.016457424
89.777405,2.0,0.84428465,143.62148,-2.0539841e-05
220.87279,1.0,1.0,140.61562,-3.477562e-05
365.97525,1.0,1.0,139.94293,-6.917284e-05
399.79092,0.0,1.0,105.08175,0.0038961368
446.53537,2.0,0.8519545,140.29643,-2.1309712e-05
70.22734,0.0,1.0,143.44852,-3.4716257e-05
206.97823,1.0,1.0,142.18443,-3.411059e-05
416.7015,0.0,1.0,90.29898,0.0065100705
417.57156,1.0,1.0,140.9134,-3.343393e-05
256.03867,0.0,1.0,141.66708,-6.993525e-05
497.10114,0.0,1.0,60.43229,0.015681524
407.58334,0.0,1.0,99.601295,0.0049372828
462.13303,2.0,0.6542061,140.09401,-5.0071703e-05
312.41245,0.0,1.0,139.56421,-3.6216996e-05
309.5003,0.0,1.0,139.65202,-4.2977976e-05
439.1872,0.0,1.0,75.17253,0.01024801
312.3478,1.0,1.0,140.13144,-3.488704e-05
293.31726,1.0,1.0,141.69376,-3.422749e-05
147.05115,0.0,1.0,142.5237,-3.466087e-05
489.82776,0.0,1.0,61.193596,0.015337791
346.57944,0.0,1.0,137.66695,0.0002517781
318.89453,2.0,0.6731729,141.76375,-4.8189333e-05
105.59604,0.0,1.0,143.31126,-3.447039e-05
100.269714,1.0,1.0,143.95831,-3.3690278e-05
358.65854,0.0,1.0,134.2594,0.0005613881
491.7609,2.0,0.7189712,140.16393,-5.5893568e-05
279.6848,0.0,1.0,141.54399,-6.781111e-05
411.91968,2.0,0.8753548,140.33931,-2.1304219e-05
495.5202,0.0,1.0,60.583782,0.015612464
483.78488,0.0,1.0,61.96811,0.014996465
233.85313,1.0,1.0,141.99289,-3.415661e-05
97.04086,1.0,1.0,144.0728,-3.3663506e-05
385.7316,2.0,0.4224078,59.18085,0.016477458
157.53809,0.0,1.0,142.39015,-3.4693378e-05
356.2378,1.0,1.0,139.97908,-6.9915535e-05
371.78262,0.0,1.0,128.17964,0.0011567664
68.7879,0.0,1.0,143.5424,-3.4693552e-05
282.4133,0.0,1.0,140.0422,-6.813108e-05
483.02863,1.0,1.0,132.75903,0.0006877881
104.966934,0.0,1.0,143.32799,-3.4466368e-05
64.308235,1.0,1.0,145.88239,-3.324593e-05
281.82465,2.0,0.41312012,59.3817,0.016421724
346.20532,1.0,1.0,140.01341,-7.0295835e-05
497.25995,2.0,0.1514165,58.924034,0.016549274
407.5025,1.0,1.0,139.61292,-4.9726226e-05
216.77165,2.0,0.4707337,59.58639,0.016365312
333.87082,0.0,1.0,139.66626,7.8494326e-05
196.66902,1.0,1.0,140.819,-3.47254e-05
433.2847,1.0,1.0,138.82982,1.3009729e-05
137.12032,1.0,1.0,143.03363,-3.3908076e-05
328.30038,2.0,0.87004054,141.97775,-2.0776894e-05
86.07274,1.0,1.0,144.52583,-3.3557983e-05
437.397,1.0,1.0,138.6018,3.206937e-05
199.666,1.0,1.0,140.79115,-3.4732268e-05
185.4557,0.0,1.0,142.10828,-3.4762194e-05
65.68417,1.0,1.0,144.51999,-3.383612e-05
57.386402,2.0,0.13426769,60.76189,0.016113883
244.8439,1.0,1.0,140.45384,-3.481568e-05
72.459076,1.0,1.0,144.00041,-3.3958207e-05
356.54938,2.0,0.89007694,141.9178,-2.0785672e-05
442.1337,0.0,1.0,73.693115,0.010695809
320.84958,0.0,1.0,139.20618,-7.500302e-06
183.46658,2.0,0.69863325,140.96101,-5.6310648e-05
463.00443,1.0,1.0,135.90594,0.00026642825
300.10052,1.0,1.0,140.1793,-3.4881366e-05
391.94763,2.0,0.788218,140.32574,-5.6857443e-05
424.17197,1.0,1.0,139.21172,-1.8352259e-05
145.43234,2.0,0.67002606,142.67274,-5.4848377e-05
183.13101,1.0,1.0,142.40149,-3.40586e-05
460.1291,1.0,1.0,137.86555,0.00022315764
422.20905,1.0,1.0,140.78296,-2.3171799e-05
332.2145,1.0,1.0,140.06053,-7.050536e-05
65.17076,0.0,1.0,145.04416,-3.4058558e-05
55.015045,2.0,0.10527638,60.93295,0.016068645
197.00957,1.0,1.0,140.8158,-3.472619e-05
203.39911,2.0,0.99852467,140.99023,-2.1207123e-05
424.38788,1.0,1.0,139.20433,-1.7754444e-05
231.4896,2.0,0.13071701,59.38433,0.016421
278.9463,2.0,0.17351106,57.759865,0.016951388
73.05602,0.0,1.0,144.55559,-3.4173674e-05
94.96914,2.0,0.30100718,60.69439,0.01606656
265.80252,2.0,0.41457516,57.93827,0.01689919
136.97064,2.0,0.40405893,60.089012,0.016228424
141.8388,2.0,0.7809036,141.38332,-2.1146145e-05
142.5628,0.0,1.0,142.58685,-3.4645516e-05
71.94389,2.0,0.9635403,142.9461,-2.0916956e-05
90.53471,1.0,1.0,144.3283,-3.3603912e-05
194.54617,2.0,0.7345939,142.31386,-5.5402226e-05
72.08661,2.0,0.38505873,61.426403,0.015875096
416.59705,0.0,1.0,91.89067,0.0063605206
442.21454,2.0,0.8763035,141.83018,-2.0798758e-05
436.19968,2.0,0.5944741,57.673508,0.013715307
440.94418,1.0,1.0,139.87987,5.0798044e-05
270.58307,1.0,1.0,140.31204,-3.4850862e-05
210.16301,2.0,0.31075856,59.560368,0.016372463
70.03337,2.0,0.59890157,61.636284,0.01276926
127.54229,2.0,0.17224061,60.12763,0.016218003
264.68042,1.0,1.0,140.34212,-3.4843397e-05
161.0589,0.0,1.0,142.34921,-3.4703357e-05
146.0407,0.0,1.0,141.12003,-3.5289075e-05
262.5915,1.0,1.0,140.35307,-3.4840672e-05
86.44871,1.0,1.0,143.18524,-3.4151533e-05
431.18826,0.0,1.0,81.28258,0.008759505
339.5891,2.0,0.899947,141.94269,-2.0782025e-05
232.55576,2.0,0.6101943,141.51117,-1.6033517e-05
167.59923,0.0,1.0,140.84259,-3.535859e-05
169.41176,0.0,1.0,142.25891,-3.4725384e-05
68.634735,0.0,1.0,143.55261,-3.4691082e-05
187.09836,2.0,0.33488464,58.252567,0.016808014
349.07455,1.0,1.0,141.50093,-6.919006e-05
176.8307,2.0,0.2115608,59.674557,0.016341135
93.18173,0.0,1.0,142.3436,-3.4985736e-05
161.0902,0.0,1.0,140.91853,-3.5339533e-05
204.48396,1.0,1.0,142.20476,-3.4105717e-05
75.996506,2.0,0.9600279,142.73206,-2.0948324e-05
396.4054,0.0,1.0,108.1054,0.0034495727
357.34973,0.0,1.0,134.7194,0.0005186006
472.8028,0.0,1.0,65.31512,0.013835288
414.9026,0.0,1.0,93.2878,0.006085191
275.55426,1.0,1.0,141.76962,-3.42104e-05
364.90372,1.0,1.0,139.94714,-6.9281115e-05
374.12708,0.0,1.0,126.79384,0.0013006204
358.74884,0.0,1.0,132.72804,0.00057310425
306.43787,0.0,1.0,141.21881,-4.807935e-05
448.47943,0.0,1.0,70.874886,0.011600407
86.21347,2.0,0.8929037,142.45265,-2.0989411e-05
73.12785,2.0,0.8632055,144.11324,-2.0469752e-05
424.58392,1.0,1.0,139.19754,-1.7205619e-05
97.96272,2.0,0.31016585,59.26646,0.016520472
211.38304,1.0,1.0,142.1497,-3.4118926e-05
144.45444,2.0,0.8842231,141.39107,-2.1147005e-05
202.51633,2.0,0.52443326,59.723083,0.01317832
399.96082,2.0,0.37584302,59.11851,0.016494833
60.56153,1.0,1.0,146.21426,-3.3170465e-05
89.71457,0.0,1.0,142.47424,-3.4953657e-05
295.8667,1.0,1.0,140.19672,-3.4877867e-05
184.75568,2.0,0.43802544,58.32551,0.016786994
195.61273,2.0,0.14220509,58.08602,0.016856207
327.58658,1.0,1.0,140.07648,-7.053268e-05
362.32895,2.0,0.30199334,59.164368,0.016482048
307.0782,1.0,1.0,140.1516,-3.4885765e-05
400.33377,2.0,0.15038535,59.041466,0.016516358
346.9908,0.0,1.0,136.08191,0.0002634834
220.90071,2.0,0.40322062,59.583073,0.016366223
244.99725,1.0,1.0,141.92577,-3.4172765e-05
127.424965,2.0,0.866791,142.97295,-2.063301e-05
113.02588,1.0,1.0,142.19244,-3.4389985e-05
172.68736,2.0,0.63884556,142.25137,-4.4820936e-05
57.558746,1.0,1.0,146.51147,-3.310318e-05
227.22375,1.0,1.0,140.56943,-3.478705e-05
340.91595,1.0,1.0,141.52698,-6.937894e-05
139.09442,1.0,1.0,141.58722,-3.4536984e-05
429.27084,1.0,1.0,140.52472,-2.4165283e-06
366.2708,1.0,1.0,139.94174,-6.914141e-05
400.01575,1.0,1.0,139.71645,-5.71354e-05
378.42133,2.0,0.5291248,59.218246,0.013290665
392.75272,0.0,1.0,111.30439,0.003003553
431.45428,1.0,1.0,140.42728,5.521234e-06
467.30026,0.0,1.0,64.98331,0.013743616
104.5889,2.0,0.2802671,59.184242,0.016543424
416.20218,2.0,0.2555796,57.54376,0.01701505
457.16895,1.0,1.0,136.7699,0.00018990063
107.402855,1.0,1.0,142.36151,-3.434914e-05
226.39653,2.0,0.99958974,142.32956,-2.0726526e-05
307.362,1.0,1.0,141.63992,-3.423642e-05
309.48843,2.0,0.9882901,142.06784,-2.076471e-05
113.2502,0.0,1.0,141.74454,-3.51336e-05
470.6857,2.0,0.5435023,57.62155,0.013727674
370.32816,0.0,1.0,127.492165,0.0010908378
171.07484,2.0,0.5477513,58.451916,0.01353266
310.80728,2.0,0.7561139,141.95071,-5.5803674e-05
378.8544,0.0,1.0,122.21874,0.0016579606
163.74928,0.0,1.0,142.31912,-3.4710694e-05
466.79947,2.0,0.4937136,59.11981,0.016494468
397.85742,1.0,1.0,141.24483,-5.7910493e-05
343.4518,0.0,1.0,136.78674,0.00020062059
433.90424,2.0,0.8088915,141.78546,-5.6025125e-05
56.015633,2.0,0.3286911,60.9608,0.016061304
86.72947,2.0,0.21359873,60.90334,0.016011437
476.0845,1.0,1.0,133.20284,0.0005131582
471.89526,1.0,1.0,134.19807,0.00042105472
50.30884,2.0,0.7441633,144.19391,-2.0734466e-05
119.34003,0.0,1.0,141.60262,-3.516881e-05
486.88632,0.0,1.0,61.552715,0.015178491
470.5921,0.0,1.0,64.25334,0.014036297
161.2186,2.0,0.8409159,142.65121,-2.0679545e-05
240.78738,2.0,0.5407921,58.100815,0.013614437
140.44304,2.0,0.9753046,141.5071,-2.1129663e-05
362.80322,0.0,1.0,131.13689,0.0007259333
491.2987,2.0,0.30128577,57.489883,0.017030997
366.46268,0.0,1.0,129.48058,0.0008891527
188.54446,2.0,0.9131149,141.01483,-2.1203425e-05
436.12213,1.0,1.0,140.18542,2.539936e-05
304.42963,1.0,1.0,141.65079,-3.423543e-05
259.30554,0.0,1.0,141.65141,-6.9845955e-05
342.46613,1.0,1.0,140.02594,-7.037711e-05
138.35986,1.0,1.0,143.01108,-3.3913424e-05
104.32938,0.0,1.0,143.34518,-3.4462235e-05
80.444466,0.0,1.0,142.87885,-3.4854675e-05
119.218025,2.0,0.8412136,142.99088,-2.0624027e-05
315.81366,2.0,0.5839851,59.35245,0.013260612
321.12427,2.0,0.9302398,140.54689,-2.127402e-05
496.86505,0.0,1.0,60.454445,0.015671402
378.3004,2.0,0.14779994,57.54463,0.017014792
469.55756,2.0,0.39456105,57.55582,0.017011484
258.61658,2.0,0.80859655,142.08534,-5.5893543e-05
244.63089,1.0,1.0,141.92789,-3.417225e-05
264.6001,2.0,0.9002178,142.15514,-2.0751711e-05
179.04831,2.0,0.8575573,141.00334,-2.120136e-05
157.40605,2.0,0.9353397,141.21466,-2.117317e-05
266.8526,0.0,1.0,140.13518,-7.04978e-05
332.1183,0.0,1.0,139.8522,6.2771614e-05
415.5146,1.0,1.0,139.45677,-3.784304e-05
318.68036,0.0,1.0,139.31569,-1.6422624e-05
157.6799,0.0,1.0,140.96082,-3.5328936e-05
413.0637,1.0,1.0,139.51057,-4.200484e-05
395.89954,0.0,1.0,110.05726,0.0033258938
68.85738,1.0,1.0,145.52795,-3.33269e-05
294.33313,2.0,0.7242462,140.46744,-5.6022334e-05
227.13794,0.0,1.0,140.34984,-3.5479345e-05
300.75372,2.0,0.82122827,142.03276,-2.0767362e-05
467.72855,2.0,0.90746355,140.29694,-2.131167e-05
79.662674,1.0,1.0,143.54492,-3.406596e-05
173.68143,1.0,1.0,142.50398,-3.4034107e-05
196.86763,0.0,1.0,142.01607,-3.4784764e-05
59.43453,1.0,1.0,145.10431,-3.3699867e-05
481.80887,0.0,1.0,62.254173,0.014872486
393.78394,1.0,1.0,141.2844,-6.047899e-05
366.03607,1.0,1.0,139.94269,-6.916622e-05
451.05566,2.0,0.8889812,140.30013,-2.1310676e-05
395.9316,0.0,1.0,108.52494,0.003389579
177.0824,0.0,1.0,140.74193,-3.538388e-05
76.164345,2.0,0.9768599,144.02359,-2.0482737e-05
223.35703,1.0,1.0,140.59724,-3.4780165e-05
206.62985,1.0,1.0,140.72952,-3.4747474e-05
372.7667,1.0,1.0,141.41502,-6.728248e-05
367.68237,0.0,1.0,130.3802,0.0009347055
385.2104,1.0,1.0,139.8467,-6.5239554e-05
64.65655,2.0,0.33854595,60.54706,0.016171059
294.75732,0.0,1.0,139.92754,-6.231011e-05
471.8036,0.0,1.0,65.51482,0.013756632
461.91852,1.0,1.0,136.0808,0.00025084452
150.07573,1.0,1.0,141.3952,-3.4583885e-05
461.49905,2.0,0.58666915,59.175983,0.013300156
86.907135,1.0,1.0,143.16298,-3.4156845e-05
99.088,0.0,1.0,143.49474,-3.4426317e-05
385.06097,0.0,1.0,119.15378,0.0021542925
132.109,1.0,1.0,141.72597,-3.4503173e-05
256.27478,1.0,1.0,141.86382,-3.4187684e-05
239.97202,2.0,0.6393957,141.64743,-2.7720716e-05
485.54095,0.0,1.0,63.241367,0.014680924
131.31656,0.0,1.0,141.36188,-3.5228702e-05
418.7041,2.0,0.31253344,59.069744,0.01650845
366.5858,1.0,1.0,139.94049,-6.91075e-05
348.55176,0.0,1.0,137.22832,0.00029067055
104.82658,1.0,1.0,143.80873,-3.372532e-05
264.82837,0.0,1.0,140.14575,-7.062491e-05
319.4043,1.0,1.0,141.59734,-6.953022e-05
131.74739,0.0,1.0,141.35403,-3.5230656e-05
477.7474,2.0,0.49108413,59.093365,0.01650185
197.9635,1.0,1.0,140.80687,-3.472839e-05
189.91702,1.0,1.0,142.33418,-3.4074706e-05
166.18028,1.0,1.0,141.1595,-3.4641635e-05
